Height,Weight,Sex
178.47699907107864,73.18295142266085,Male
174.0321498918017,74.40485369321338,Male
179.53381976670485,72.91850413877016,Male
185.66120899485617,82.99057332640746,Male
173.36092637693665,58.061812293429206,Male
173.36104130135573,77.05822856756957,Male
186.05448970855173,86.55320157109489,Male
180.37204310407037,73.36021825381414,Male
171.71367929845533,79.54544292899014,Male
178.79792030510174,88.91360926202074,Male
171.75607615031277,59.52339724382854,Male
171.7398917250082,66.98759954254794,Male
176.69373590096225,70.8477474656664,Male
161.60703828739543,57.92789884738487,Male
162.92557517240877,72.96731657562638,Male
171.06398729531318,71.4556456108869,Male
167.91018215765902,68.2472672977818,Male
177.1997313281669,59.62313191028258,Male
168.64383147135152,76.52338279081012,Male
165.11387409065296,58.02085995928347,Male
185.2595413824509,86.41983028024546,Male
173.41956589659426,77.6884435771139,Male
175.47269743281547,89.54534480061935,Male
165.0267626965058,57.39132239543804,Male
171.18932092832372,46.7177080550252,Male
175.77645812796905,78.94754792932271,Male
166.94304495804388,84.72901397556993,Male
177.6298861284197,90.60845163228984,Male
170.79552917056836,74.7625814964384,Male
172.95814375144707,70.37418064774977,Male
170.7880537143942,79.98417922354675,Male
187.96594729156257,78.0090274822718,Male
174.90551942683447,80.85166440827727,Male
167.5960234973087,74.48042624417289,Male
180.75781438472234,92.07566338220997,Male
166.45409445020283,92.20595559408622,Male
176.4620451650333,81.51294843980124,Male
161.28230913284156,61.05821210767062,Male
165.70269765771098,68.43279891440478,Male
176.37802865108387,61.26265686334856,Male
180.16926605996787,74.38709360972868,Male
176.1995779683298,73.80371765417388,Male
174.19046202328232,71.0851757484499,Male
172.89227413087497,76.0955917314781,Male
164.65034606742802,61.08566486237922,Male
169.96109054123704,81.9318180327283,Male
171.7755286032815,73.76891351628234,Male
182.3998555835324,83.08144260356325,Male
177.40532802697922,75.58571129543895,Male
162.65871891246087,67.37645105757277,Male
177.26858778576357,86.33878457741022,Male
172.3044240370858,66.49881590928247,Male
170.2615459978583,66.74904461902169,Male
179.28173402188608,77.42614723269989,Male
182.21699665747167,69.6014853198029,Male
181.5189608338134,74.27468196614456,Male
169.12547733744154,67.42210300176139,Male
172.8355133690415,82.51624286861487,Male
177.31884401982495,81.0815649327606,Male
181.82881588985651,84.57442025367276,Male
171.64578033508297,81.17650141554822,Male
173.70038716335327,74.18613400446694,Male
167.2556551819578,73.21304779304772,Male
166.6265536314353,68.55125366724084,Male
180.6876807567594,84.21916296142142,Male
184.49368019999577,79.14402765797546,Male
174.49592914893768,53.844335027641584,Male
182.02473028524417,81.4977845462164,Male
177.53145217533344,92.24594495762601,Male
170.48416171776412,80.73821684401327,Male
177.52976923855888,87.9199247403373,Male
185.7662559652618,99.07008293397978,Male
174.74921772623034,77.15543148554505,Male
185.95250559069805,88.49269038873894,Male
156.6617842713718,56.80959330160586,Male
180.75331753062656,78.58140737690893,Male
175.6093294776672,82.79345431388194,Male
172.90694854673893,85.53972445475543,Male
175.64232543574852,75.83498145504076,Male
161.08701759779376,61.36797604753991,Male
173.46229678513743,75.22768676782202,Male
177.4997880005822,84.44795431666286,Male
185.3452583131906,71.00199717013592,Male
171.37210847208448,53.19045099578755,Male
169.3405447797477,66.95435550395918,Male
171.48770069490826,62.75045388574755,Male
181.40781482391452,77.25530367671877,Male
177.30125776761778,77.19566508818048,Male
171.29167857363072,69.36249127238293,Male
178.5928720317935,93.6366508255641,Male
175.6795428454363,80.18358111788991,Male
181.78051493373022,85.58906547263031,Male
170.08562834285854,77.72277414326464,Male
172.70636497381562,64.37816173812104,Male
172.2552429280749,83.42938835186544,Male
164.75539536307517,67.2438792801882,Male
177.07284193945202,84.69381233913633,Male
176.82738690525923,68.11538650459008,Male
175.03579419649722,62.31282423261868,Male
173.35789006637398,82.50639619488332,Male
165.0924048056471,71.21652450275032,Male
172.05548274064247,65.99666908073065,Male
172.60099838431262,66.70529445056302,Male
169.38405911544868,81.41433984599156,Male
173.87100001833792,64.79063386133878,Male
177.82835599770178,94.6411471764198,Male
188.20330130847373,78.98108023395761,Male
176.22204468982287,83.58294947781974,Male
176.80285273505936,75.06641183640635,Male
174.47887858963682,81.61602629174341,Male
161.5686014929067,60.99989948375051,Male
174.8144028718555,74.90769958084978,Male
175.4216114695872,77.30961299184237,Male
192.242694787397,81.28170543058316,Male
173.65347324653214,82.09080688513987,Male
177.1108313963353,73.59103358161208,Male
174.7570176120633,74.25560454457685,Male
166.81925373666328,61.27023432360097,Male
182.99975970160514,57.979350163818076,Male
180.2635312288074,79.37512098288545,Male
180.53722362930134,105.07503389183464,Male
168.63428781643682,77.78746831973103,Male
184.8195601765527,85.19830418527276,Male
165.18704256045405,66.06486596234258,Male
179.1079996566019,80.41539841811799,Male
190.33318938066986,96.51290723626947,Male
168.06624572408518,60.609592596054824,Male
171.0359158927806,82.91248218925877,Male
175.69755955561348,83.79914856179937,Male
171.4756704211866,79.84500343903419,Male
164.14535598253707,70.90349207824308,Male
175.47994082364218,77.16424203446434,Male
167.56387400391728,75.86183874033232,Male
178.31514701444627,85.13597757751815,Male
168.56403036036338,68.01668480858089,Male
185.84954083512278,80.4064590821097,Male
169.51722695364634,72.71831109260158,Male
172.74556938656028,88.46988720996615,Male
180.6946205215877,69.48910798441793,Male
166.3839497849623,57.02112387792854,Male
176.59221954222892,79.50344076494464,Male
184.149999279977,85.29575483703637,Male
163.7476173580714,68.427563164751,Male
176.29243700972614,79.97210650707017,Male
176.81917955973896,76.0690286125442,Male
180.47276010244119,95.98368495010462,Male
166.34134502385342,55.88477121567998,Male
165.75680370841008,61.859329179761176,Male
178.65359095931828,78.80408598279126,Male
177.0788927126323,62.93472656011489,Male
176.75344995242114,76.45625368140828,Male
177.42513746647882,94.38996295992378,Male
170.23982694895057,72.63559384550757,Male
176.62577588012704,80.15079140401363,Male
177.05150731309078,66.51728582534226,Male
169.99954007381544,66.90578457056714,Male
188.0604215780133,84.4359655682824,Male
178.3168304463825,76.46152426366297,Male
166.66087551958145,80.11924132487042,Male
179.5958752604368,86.03313977124621,Male
168.17722830840876,61.27814725073489,Male
180.50959222619716,83.86889449178204,Male
183.11016905305183,88.83484805160678,Male
169.25522377153803,81.41699492632064,Male
181.74363290471024,98.2388026381223,Male
177.88946648855548,69.47496185181333,Male
180.75442111996142,73.73266179947483,Male
188.27755087857764,75.24733987587494,Male
173.2822831879799,72.95881744915586,Male
169.72384684949756,76.0456620432492,Male
168.77339899262134,79.64825774359512,Male
169.28932800524194,70.99419013743778,Male
174.46028803410127,73.17047886326411,Male
177.3880638237165,80.09890197345014,Male
176.93683559531013,70.42295307556036,Male
180.79028274325216,102.2018669657176,Male
175.09101324314534,61.856404177940824,Male
185.17473854010123,87.62461829373005,Male
173.14740216733432,93.15038541738483,Male
194.04118416612732,94.20676116724643,Male
179.37967143435503,78.60819670832882,Male
168.99989710508603,68.33971716697909,Male
167.5037525135722,68.62536549743957,Male
178.3773069067023,92.65073782210668,Male
173.43576050271903,55.240090202682445,Male
179.99800345864463,95.90284805228922,Male
178.3126633720148,65.90592609510523,Male
174.4901976114019,73.68145728997261,Male
169.07244397352116,67.78267948390274,Male
164.39606942719894,72.33705325190057,Male
171.87439533553086,59.68905414748281,Male
180.9947915602643,86.4398966259185,Male
176.49865620891143,96.79769087419307,Male
166.2798285490161,57.81534165358289,Male
176.21226648095828,79.39406351286202,Male
177.69722165810185,72.66987159692484,Male
168.81299794659208,74.88562882936434,Male
176.0760757416187,77.68505144618753,Male
175.407461029122,70.9983055379083,Male
166.99920791518565,73.8036809357611,Male
177.50451152243798,95.8249687762752,Male
178.92549168457765,78.20233175025967,Male
182.58135870222694,90.53802634499878,Male
182.37661436424432,70.248319082859,Male
165.35631442430036,60.511307847947705,Male
168.43522472059414,74.94677236914147,Male
178.60524687046063,93.95250210160357,Male
178.59650165638547,83.14464481034136,Male
178.60533380414233,76.75371046023899,Male
201.96912043458303,101.97014262665184,Male
178.99623357485217,68.08034062590923,Male
182.94895948126418,89.74580118555336,Male
181.6780123444524,91.25417421486665,Male
179.5597387591406,76.2314012222928,Male
172.7931152875176,70.4333722419937,Male
180.31278454345286,83.87507643121783,Male
169.590223498237,68.13398131775118,Male
173.34226975281993,74.5227194434029,Male
171.6024551651963,92.16791242067569,Male
175.57311897570426,74.7803619124811,Male
191.20260996671456,87.46598826979131,Male
161.92914365185777,60.45885156402278,Male
179.8038213326216,88.04132255418166,Male
163.71098890167244,65.54610734634932,Male
171.69647693947397,67.95620763478333,Male
182.62265417877157,96.59764118802207,Male
175.44996013366824,90.06648040639122,Male
167.45578655449486,65.0525786273245,Male
169.99287403518022,56.06239834171943,Male
179.75718424254273,90.54824296140954,Male
169.88743357798003,66.22646779306709,Male
176.51521012707383,85.28425196896748,Male
175.3190028793267,58.67550373327543,Male
170.4387975667593,80.40228006524869,Male
190.00760862527727,77.13918577331305,Male
179.4374331562261,87.5531784678389,Male
160.82400189339674,64.77164809018902,Male
176.305180203386,68.81325389248126,Male
170.36749474662128,69.01842930307512,Male
180.96703334357358,88.6155546643601,Male
169.4523548309711,72.69745058698133,Male
174.1968449097317,81.18147499614265,Male
178.53491095286319,98.5863298375305,Male
181.06028635919085,66.57298945917685,Male
166.59792515060957,82.85282844746409,Male
172.65849134911335,75.46067162319734,Male
171.6753828218733,65.73428577727391,Male
170.426695371984,61.02135529666905,Male
187.35817968196767,85.76610584706222,Male
177.83487197672667,87.80732649068551,Male
166.17381231965467,67.97770743477233,Male
181.42503362938342,97.20952584294609,Male
189.85509337908843,74.42012182627022,Male
182.22725682385803,82.89650233932112,Male
164.3644102383219,57.38887798142314,Male
171.61036148993625,76.8379907827699,Male
183.86837804430635,93.51400614742633,Male
170.04631374066852,68.63937934063968,Male
178.1067359970236,54.5217545810528,Male
180.42243837400537,83.3235039896724,Male
168.51148669895343,74.71080712143238,Male
174.5833225075674,79.89513200868292,Male
152.3111286195165,66.59725440213884,Male
167.82928651065998,61.366269051963755,Male
173.23202294024787,81.14718407358615,Male
166.26551772624606,79.00033882307899,Male
186.42687912752146,68.34301970698921,Male
164.98901035427556,70.663842370811,Male
171.91968859312112,69.42042921476165,Male
175.91518404100265,76.60853603105718,Male
185.0889130234628,89.21796476919148,Male
164.94896494174392,64.0434246183541,Male
183.1421462650847,77.05342766972758,Male
175.0716314271371,76.93922258521353,Male
168.12943944266434,61.44865090297775,Male
178.23472431984288,69.0708193515954,Male
176.39341786901429,84.12813077159817,Male
170.79848185988843,62.876475794988664,Male
175.48861459493014,83.14661330803769,Male
172.30280482196767,78.34070006773898,Male
175.79462141675873,61.259202948842365,Male
179.63491472164733,74.11251679271791,Male
186.10211771301746,98.99203042408486,Male
166.33529150821207,61.024674642588224,Male
189.93123362259388,85.15882557932555,Male
161.33538540334249,68.68087612963355,Male
173.9375043347509,82.74590750257282,Male
179.11822044539204,77.78728019182304,Male
176.96694307414523,72.67952573628205,Male
170.64110336125583,85.221099857893,Male
173.54314424749907,91.00430592885456,Male
171.54899345738818,82.21470374789936,Male
170.87444670139053,73.74252903571012,Male
180.94721467914718,73.9154909545391,Male
177.49910840175534,70.9156558381509,Male
170.14963283317542,76.91541958266637,Male
181.29719912803276,86.29734449821747,Male
177.15109664613627,91.65198260359017,Male
180.6900348318727,87.99316351926284,Male
179.40740189346528,65.95363878456124,Male
169.1970349235455,80.60352381251627,Male
171.0787327186212,64.40648056376492,Male
180.23105523586284,77.46629465967453,Male
179.27259185803425,82.75898545143316,Male
174.85368884225096,94.73908034890034,Male
175.82129168316146,106.12400834260627,Male
183.94365427051898,90.74676104851879,Male
170.85900027814918,71.37758837606161,Male
178.82968166819026,85.07819363203468,Male
173.58465143296274,83.35302981378005,Male
173.47623157740946,72.33995556756604,Male
182.69143796391032,101.41558300863817,Male
180.7779144429162,83.95729476300151,Male
180.69456745200446,86.50178897369872,Male
184.1383516500803,91.54116598004961,Male
175.1470268914293,80.57104067103434,Male
179.77367079906475,88.93043965121049,Male
172.8281327038458,69.1427836679401,Male
177.2691644674191,73.2976096436326,Male
174.0889986194262,65.76474308483199,Male
175.67897175494903,81.22706406867754,Male
179.1660991780584,87.75250102499862,Male
169.2724552173657,75.5679025539575,Male
189.64671092979822,107.98206306325967,Male
167.95787832950208,70.47726337869872,Male
166.50067971048588,74.86794327836856,Male
183.10677611450046,72.83943460127868,Male
180.54163885774057,77.70292105621252,Male
179.36883871936507,87.14624926345775,Male
179.39841856484995,88.65767932325116,Male
174.9142725900716,73.78933101712234,Male
168.71921939959918,70.55399043715845,Male
175.53063190735608,62.99734319510612,Male
170.25986801941522,69.36614263270394,Male
181.82583813392426,91.48257847688821,Male
173.97059832948503,80.88712936567747,Male
169.22151962245243,75.89091422763423,Male
172.75029910842903,75.0522784594097,Male
177.89052017992938,79.1796470999123,Male
171.05392813037219,67.35242654001168,Male
169.24445723103497,77.61432237302945,Male
176.70581048044338,82.0058155595911,Male
176.71476599776105,82.67971669805256,Male
171.4513977724021,68.85002442138881,Male
171.70273186067175,54.659224561487584,Male
176.62434956150346,88.25848788956613,Male
164.86340960951873,64.04542702306372,Male
165.14775357936412,61.12510423482006,Male
169.97089045123295,78.23566228500907,Male
173.50586993801707,71.72033896285797,Male
177.17635295918603,88.46053531573547,Male
185.32749351864686,92.22325733946575,Male
181.00361736241413,88.62436666476506,Male
173.88043029025602,63.196353033707176,Male
174.86688654468117,87.56387259730148,Male
167.98229444753534,72.75672238331232,Male
174.87040804805326,73.0614382611617,Male
172.97938952755902,76.09180829275556,Male
177.25902992236664,61.80870896984413,Male
169.20938339513373,75.0896801342556,Male
178.6354255996882,69.92217474486961,Male
185.72917239101804,72.24007316063815,Male
174.238678960802,62.03254880753684,Male
177.81198205469258,89.59674661300872,Male
179.8310079419778,74.74301774138583,Male
172.19145669679915,87.76720533533323,Male
176.56864737267293,72.92989584553256,Male
175.08814680547258,60.93749035854745,Male
175.68373268984183,66.82355250107402,Male
169.58893151301174,82.5637472942967,Male
175.1715712198126,75.27757402025567,Male
178.48598803871815,74.4030425136745,Male
185.1580052545653,87.3545121000325,Male
181.71489578259644,87.52146382230494,Male
190.0722772025809,102.42931425035212,Male
169.62856705978365,84.4382971081604,Male
181.10624445704474,78.45861298972665,Male
176.28339404016847,65.32717580166089,Male
190.3286205325237,86.06912885623437,Male
169.34191200251394,73.93090238772055,Male
169.12194710473457,63.23588527441932,Male
170.80425148189184,64.55802806289559,Male
160.13272992983136,66.7509013046053,Male
171.31971484823467,72.9477212929761,Male
169.6860713691241,72.2667077781736,Male
176.05275650533346,70.43366095971959,Male
177.39229183044012,76.49498635786338,Male
188.13319587451122,78.6715285445755,Male
181.65296686730235,91.30687776768137,Male
170.96167441036317,82.14718267504828,Male
168.7110973005615,55.39393177521774,Male
178.44343420054554,70.72588606943518,Male
165.7583675508555,56.354073132718234,Male
187.82021136098047,81.31192199290842,Male
183.256080845049,83.11635394226523,Male
171.71577043526707,60.892359858546214,Male
163.00805829636386,59.08047312444543,Male
184.4771066191579,74.82956335450335,Male
174.1982210832317,77.74940996240548,Male
183.66471418381423,85.03357017254156,Male
163.83900638843943,61.29592205482232,Male
170.8043748393236,74.48291493059475,Male
175.0367058980273,71.56989056070833,Male
175.3288641563532,74.34530592477759,Male
171.8495416996453,88.65691162574862,Male
179.3599495264325,93.36176492560121,Male
167.52665699432183,59.221057294194836,Male
174.00334360485095,83.2294922087074,Male
175.8420694219833,84.8277033785502,Male
178.60107183841123,68.75754833048849,Male
179.98130414662222,88.94004015230011,Male
167.1275053571349,82.71607877472455,Male
164.26120080485063,58.36789089071193,Male
183.94373775328955,75.27505205587569,Male
177.32619808385715,88.21143270016593,Male
169.7605942441041,74.39388765928105,Male
185.85806382865766,92.07297959728129,Male
175.80972244005002,80.43083386583062,Male
183.25508028844678,87.8922160032392,Male
175.47262936987076,64.723729957421,Male
189.42523547417392,100.97873058317167,Male
187.28738589710244,99.99897207883414,Male
173.25725096064647,72.97942695746065,Male
181.8009966566805,82.19791110595304,Male
179.51763164709604,65.76374262138675,Male
184.58042090272644,90.4310167881864,Male
168.24553577593926,75.62429431348006,Male
179.80236021998908,80.21905191092466,Male
182.40897140794712,94.40577600869241,Male
162.6888235950382,63.516461207064495,Male
166.71719041133957,74.19445636201006,Male
160.7253747556793,56.679426828167536,Male
173.1141521588881,74.70952733580513,Male
180.02279579057173,79.32536484597829,Male
185.5164993646722,88.36721318783091,Male
175.51866346293843,73.60182026651562,Male
186.40030881899904,85.4922802553871,Male
165.33928979249575,75.11721734119261,Male
163.07632292451393,63.000140102307654,Male
174.61116610772368,61.527740961196805,Male
177.68845814257514,95.50495293394009,Male
174.77113676334136,89.02130944391057,Male
160.52790529972086,54.43284494825974,Male
174.37615972341047,82.30920559752252,Male
165.86871349646603,64.62965782481358,Male
179.68770784181027,83.27139753667238,Male
177.56618772267794,81.60742161568358,Male
168.42084149570852,68.91921567209715,Male
171.40293157864315,66.53954517801726,Male
167.58550534677732,64.39412075383439,Male
174.5612463190878,67.80371382670944,Male
181.68599624350867,74.287017351526,Male
168.0999176756512,70.07446698799423,Male
178.52832560862493,72.83701894382283,Male
171.2881966713929,79.35246571107719,Male
169.44989017416358,84.59427121855252,Male
174.25078748031808,70.62463674095325,Male
167.75330374306438,72.37406418212095,Male
171.12445486256973,77.59871815862991,Male
166.61485475187806,73.3321816636135,Male
188.75307593041472,89.88114317203357,Male
175.2468448638021,83.62129925224032,Male
170.1019214440519,76.52277257399943,Male
176.49785937513954,66.31222571791488,Male
174.21370365216418,83.78981040681423,Male
173.45321280326743,83.22355675208263,Male
179.299166900304,73.00899783091577,Male
180.30255397033113,81.64252387316346,Male
171.28649196672632,79.36212539931734,Male
170.96927231548725,71.24072640682905,Male
173.0746381199385,84.52933852123155,Male
158.88655184685092,81.01508409982827,Male
164.39366256461014,61.190743820573104,Male
184.56811987211168,71.04972991691902,Male
186.51477399450897,90.1401528954807,Male
173.25674772310535,81.54268905247626,Male
179.03589874139035,77.91458554974308,Male
177.17875108180476,92.16713729142774,Male
196.55216565918667,81.0676760643362,Male
182.83702438004204,90.52259517490616,Male
174.10457685963465,70.27147987622803,Male
168.31121691579702,85.4339689447306,Male
163.754875758197,83.06833221530083,Male
176.42424545107056,70.655011762492,Male
169.70554478300988,67.25176079879975,Male
165.0442240328163,75.12343771758856,Male
170.47398981030233,69.27828758807257,Male
167.42916397469924,69.6994150432682,Male
186.80999144550796,87.51073358332523,Male
181.17147829864615,63.1548715606046,Male
174.94419151078367,76.3866221409228,Male
185.35960897223018,78.78612333239914,Male
175.54157815353332,72.4784630523872,Male
168.97101059070215,83.74323491543511,Male
185.6618685408876,73.18216160213757,Male
178.7723703057926,87.6958050431981,Male
167.7392769197148,67.98645333439502,Male
173.66762925341473,72.86980623591124,Male
168.8706722263067,78.05504252057885,Male
165.32040188324964,71.11525397256344,Male
181.4832428327215,87.97856013679096,Male
188.3659164832909,99.01015290363658,Male
165.210026983266,65.52302814921771,Male
178.94078465683398,74.16840088588016,Male
170.4455020161472,63.17154266873602,Male
171.59012231364713,66.31711440411942,Male
170.85324253032792,98.80303084219423,Male
168.9520646122413,82.02073930177087,Male
175.3396513956138,64.39875697919965,Male
169.18334918512272,60.20169763678451,Male
176.89319778045888,82.75145924016368,Male
174.64833323385605,81.26290862495223,Male
173.32736367193513,80.0528696968532,Male
168.6470543657088,68.92914964484444,Male
170.96260068602166,71.97048601492905,Male
180.28773858078029,84.45635793275194,Male
178.50642031337065,80.48243762709522,Male
168.15711328641015,51.86561321839662,Male
175.6953261380046,75.04402413257746,Male
180.25970986360252,72.9343389171744,Male
163.3141630321504,68.08073585802191,Male
178.80352134665955,108.55899343797657,Male
170.36163368737908,75.75735120137351,Male
178.99419068015212,77.08375495527754,Male
169.65718590420238,79.9187206759879,Male
162.36582529534837,69.72413423380318,Male
163.60720293481785,70.29173283051735,Male
175.33659462662968,82.4542115675682,Male
176.81805751205036,97.45068294624797,Male
168.66978362426914,61.47177799572993,Male
179.47014721144163,85.10047485777649,Male
163.36935956411727,59.3064611193228,Male
174.53744140946878,81.23512372959446,Male
166.5228866016628,61.68216165943766,Male
170.4371472453849,68.98484872475922,Male
175.3317906992149,74.13166339258198,Male
168.97710644301233,79.7419815369768,Male
172.30811119039123,82.40591015793163,Male
182.04404966450107,70.46515442842991,Male
170.96175691333795,73.55148879605832,Male
180.849844784456,74.80426842719318,Male
167.09205201739667,59.25824042192704,Male
178.70862924540697,77.76268805800815,Male
185.0909803446053,82.47621440420053,Male
157.69848849910898,80.2769009382761,Male
169.42173321170665,75.48757696923425,Male
179.03950489026377,66.88994244062111,Male
173.57868229769906,70.2189798751891,Male
177.59802111359917,88.51729541236564,Male
170.77210369298925,91.1794252704721,Male
175.6061285123103,62.42144692426479,Male
173.91025935225545,58.554576890639424,Male
183.17447443161865,102.71510574934948,Male
176.7809459031085,81.78156565652294,Male
177.36321863452642,70.44992767966495,Male
172.11686123714273,78.81192473019911,Male
171.58675643149255,50.32452012989064,Male
171.97209268526265,73.96595023173448,Male
177.7611649966481,82.10522895015649,Male
172.05310863425817,82.21382935128341,Male
177.0284239982749,68.8152925503894,Male
189.52780559051808,90.72535786569063,Male
181.09787292402186,72.8859090943556,Male
172.71783527482512,76.86416692417352,Male
183.40849745514763,75.06121264100561,Male
172.14347238884915,70.45541614329125,Male
160.733128253755,56.869737696695296,Male
167.94339582357816,76.0220467258402,Male
161.904456552819,72.28342002811345,Male
172.53940561171083,72.32923071687911,Male
175.12892865432687,77.02718354560008,Male
186.73506118592698,72.02125025653794,Male
177.28849161634915,75.75226331888568,Male
173.46629629833794,74.773184427222,Male
180.80583906828443,107.42958725825775,Male
159.5220528369448,55.12925069478064,Male
176.64930190675997,91.71932427919445,Male
180.39605635720878,91.08899678502455,Male
164.6498962795411,70.05635208225219,Male
183.0062783024485,101.39778950305407,Male
177.3694748524609,82.16175022787559,Male
172.0929846026944,77.4975894523887,Male
179.429473062744,79.97427470481179,Male
190.89485000463077,104.4784741372432,Male
176.27306378540948,87.90139364155787,Male
176.73754410410234,72.22727207630638,Male
171.78447370321828,62.09550553800825,Male
169.05108941374647,69.70542639119428,Male
180.8123507158097,73.88604171032797,Male
169.00741321863794,70.86441894196828,Male
175.50096366053575,88.43561735425016,Male
171.6563978726442,69.62235327784227,Male
178.35285878022475,79.11569537135028,Male
177.33563473700863,79.16722679357302,Male
182.2627796098053,91.50469319313227,Male
171.42988520801677,53.66090018261198,Male
173.1108754529464,69.46407339004358,Male
168.14865398952384,72.47707321908382,Male
171.8899471794672,84.5027001299125,Male
177.64110345131397,74.23410863164777,Male
180.29892031651747,62.96852757192739,Male
168.5448427307566,76.29972061606685,Male
181.08724144073963,75.73091922429184,Male
184.48946501163465,72.94332898032926,Male
177.89404432256592,73.18826274636693,Male
188.13757068790648,86.529939981262,Male
169.583475606275,66.67891315188696,Male
166.28741707682008,50.83259638682584,Male
162.54895825767005,73.1661385829624,Male
185.47231018042427,99.15664656118709,Male
179.58055959447842,86.92625794120242,Male
174.61090730362682,65.81636344956299,Male
176.95978038423874,76.39401174166393,Male
167.12157666891136,69.76941211116329,Male
192.12026385731778,98.90597490754952,Male
175.9045482738266,83.56004490573778,Male
175.76576356223424,70.42962679870178,Male
180.08036636729085,81.8700545306411,Male
178.367064622157,83.90151107627509,Male
176.5671881699539,91.55593260430479,Male
169.46667881188282,77.86719560124308,Male
178.30027849995196,87.00294109765095,Male
188.17417147532524,89.41427519360654,Male
184.41794032308485,99.41584658742869,Male
186.15230638647577,90.89151678999386,Male
171.4214902649817,65.87231328293885,Male
168.07276625818994,82.51404682701089,Male
174.11949155930247,82.1416184720891,Male
175.39007438602087,72.81556220183093,Male
182.65934062929665,78.61168325510144,Male
163.15274759199627,68.91539484798808,Male
185.7068522362243,91.00974848795757,Male
173.89394470994708,77.38754241901229,Male
172.01183251036807,76.7334832042659,Male
167.91526937317883,84.86820788886683,Male
163.4160032969396,75.34657583370453,Male
180.7621940877334,83.55613074258875,Male
175.51322577031883,85.71132240314782,Male
165.97027370181263,60.33271753633604,Male
165.9344485955547,72.12258889241512,Male
172.6495071049691,90.69909169240893,Male
186.68315067702576,84.84678786414733,Male
173.18286054045475,67.35400982933209,Male
164.47799932817327,62.34024004759446,Male
173.2797985513984,65.24956141136852,Male
173.0909350117663,67.84762835661051,Male
156.121793499409,58.225805093967026,Male
174.61993593437532,63.3726887450743,Male
173.38345828853926,75.29541370030766,Male
179.87344455369393,89.64394628980526,Male
187.94269266461743,78.68688607008706,Male
182.8859552068343,98.8629526004749,Male
173.11777916611618,79.51690938664134,Male
167.25431863880831,78.58385834517108,Male
193.01351862274902,85.78341229145016,Male
175.41452903810142,84.8138307484941,Male
175.0975050433906,66.60451560524194,Male
174.83112439022997,84.57817585509578,Male
176.38659332537497,79.38446729685916,Male
173.9894771165324,80.70530777174399,Male
170.98436595183836,62.77835057120995,Male
171.17198741131725,65.3819997452368,Male
174.77072710848802,81.83468384320543,Male
171.19602660206365,64.93192119347219,Male
170.01007952125985,76.27504264124245,Male
175.7450115938433,64.54802048846287,Male
173.215159478054,82.64318500973002,Male
185.5279509200788,73.32428622214773,Male
156.4432113412489,65.24137180124276,Male
182.64054796345724,89.65478265498648,Male
183.7225963474834,77.32933182069871,Male
160.48626837314296,68.8867811900592,Male
172.60118684143757,76.80558814681628,Male
172.39991393802947,69.49973211318922,Male
165.14741813697526,59.93207808967056,Male
169.55528318686387,54.94543083788956,Male
167.2259690817392,72.84465105724313,Male
187.26589310396537,71.20869409363026,Male
181.54974875203223,83.3435505272825,Male
183.9008856649591,81.8759304624006,Male
180.05170444830264,87.65160139665494,Male
167.0966376014794,67.27316608444202,Male
171.32835813604157,70.48239133563746,Male
178.42562192859543,86.57914181787822,Male
166.4451053377564,72.04466431373264,Male
179.99098901120672,84.0646185457978,Male
173.31772221289305,79.32648544398947,Male
172.3762543471528,60.595732314072855,Male
179.97671977742445,88.33313248056155,Male
178.10984318040227,85.13661621771467,Male
172.47323683926643,65.29455634184548,Male
183.11530862354974,81.3727460870248,Male
167.4325567068007,69.75357446005025,Male
179.31154924860985,79.08425156297527,Male
179.1517088057787,83.45294113787448,Male
172.83317492480208,87.50530458022575,Male
177.28293115569483,88.77282527711634,Male
166.24220496530288,58.211644587324976,Male
181.4681891344483,88.47231992274769,Male
173.70568504489907,87.46379918633873,Male
171.34093885636673,76.80103788361069,Male
182.34306458085823,94.00468322359185,Male
170.0695941662007,89.7698391506555,Male
165.1407709254551,76.55410610383069,Male
164.1035957853327,69.33913878164805,Male
179.24206965941949,90.39219165512566,Male
166.03699453252602,70.11900154336078,Male
187.28355927389055,87.93934965221598,Male
160.42649414481394,61.628381445385195,Male
186.87519457803026,103.68526096018753,Male
176.47712227041833,70.21365111036498,Male
174.32300821690725,89.94119011079569,Male
171.18556639233736,77.65572553814386,Male
177.7939528004645,65.75681416492336,Male
174.73655708302607,79.69977675390268,Male
182.72311317411564,62.43480097549303,Male
175.79959354063428,83.06323358063568,Male
176.05211233023314,85.7170169699678,Male
172.454714514503,69.06645986029726,Male
174.60138063395252,77.34403455127506,Male
177.1546123822444,96.8580321501956,Male
163.02882125140363,62.41341045732831,Male
165.56270204526,59.81980337128745,Male
180.202848658159,95.6169129940506,Male
176.1960580668956,95.89121295072819,Male
173.71211664553124,75.47320474032246,Male
175.12903753145775,85.98197540980794,Male
177.4330719375317,91.37614019088738,Male
171.22168223783447,66.76196828631961,Male
169.55186692218382,67.68414123411002,Male
176.37091678568376,89.25328409134362,Male
168.15139055669476,84.9803034529285,Male
177.8577692900013,84.4252135149592,Male
163.08191477033512,59.46949084883326,Male
182.2040894612795,102.78595882495263,Male
178.3081823768913,74.42004373831328,Male
176.79220814019712,74.99624399418327,Male
181.8788368876186,86.09712982962748,Male
186.65832111123802,103.34802638666677,Male
182.1005904551269,91.39707575680137,Male
162.1138803806785,68.97318841973275,Male
166.04296123285008,72.75755869800106,Male
170.62626995613024,73.16336699193535,Male
175.18263735147585,81.86100684632537,Male
178.62361314328385,55.55324489556063,Male
169.91979330792574,69.61267972207247,Male
176.30736735133954,79.96111559784524,Male
169.71231947352675,62.06013245275324,Male
170.71937537905637,76.24059293805297,Male
165.15337232206244,66.5159661706633,Male
168.53736727722367,85.97131451764174,Male
165.53820776068568,81.43883540405217,Male
168.16888722915866,66.74993388298022,Male
182.37549257625489,81.64695492575656,Male
168.3542077781764,70.22907634618184,Male
193.42667445386172,88.46519616124436,Male
178.45322530616622,81.47708763139266,Male
176.29385286586412,70.62869299606555,Male
168.9914955387315,61.708837500982355,Male
179.90216915586294,86.95815165235335,Male
170.97053521633558,78.59782919345311,Male
175.85406870251754,69.84967785146378,Male
192.92059176788155,103.0429836291218,Male
174.32758070192745,70.21714935743242,Male
183.04491328399973,86.30832452701875,Male
170.07776502411878,79.43500646196917,Male
174.75508056652126,76.04039381531476,Male
187.39560444944857,92.58353775757608,Male
170.61123059548564,68.26078004381156,Male
187.6871399059785,85.98990939594606,Male
179.95426354818832,78.95890547581728,Male
171.06273256874013,66.60213082577027,Male
179.42685417338865,78.77766998639679,Male
181.80788114738712,67.2788062608597,Male
179.35266973552038,75.6787115655095,Male
164.0084269607668,64.9480706759475,Male
169.91003976922593,69.95482565079286,Male
173.26736955113947,72.87891281273494,Male
174.47896599629968,75.54318935244797,Male
179.34470468285474,85.03761007920518,Male
176.24390700653277,85.80403933537299,Male
165.65258948902928,63.25293153974054,Male
177.66138495704175,67.51572576365135,Male
179.27410021698677,70.30086444880484,Male
178.91853313551727,75.35072494101705,Male
182.56546507888234,79.80649560677439,Male
180.83745508184234,74.20129672230485,Male
178.21426055459906,67.05128162212951,Male
174.50884001978946,71.96621797123451,Male
163.37327346538805,68.17979413803783,Male
178.0073275339281,84.87286138620311,Male
176.45381381014178,72.63310239343319,Male
176.9010518603676,74.35765143110369,Male
166.06275996925783,61.27547725499729,Male
167.43260421714217,69.81978572353015,Male
182.37206997333033,74.68341781600866,Male
174.7231139230034,81.5693787465967,Male
179.77050488160836,63.47919908979724,Male
175.19822863291324,73.42446110084494,Male
175.2082929764702,79.51787786440666,Male
181.567986641832,84.23547253036915,Male
171.38768690247838,97.16568862282783,Male
175.67284543858688,80.39091973733471,Male
171.7640729790647,64.87048618036872,Male
171.95852640797378,73.0774812700868,Male
172.83579513571954,58.762408046496695,Male
176.55493640143598,77.17538587391017,Male
171.64875964835565,66.2948683922981,Male
183.79029287901466,93.72343460898794,Male
168.73774888446349,66.4870459927518,Male
173.6918984908705,74.36538008697536,Male
171.92188259208078,68.25725385460069,Male
185.12884519047614,103.56025695143099,Male
176.37588343558102,74.77312106833276,Male
182.22291177628045,101.26809515195781,Male
164.6010773887412,74.35125650884345,Male
176.86935186108482,82.73103349309291,Male
181.22741556936407,85.7415728222113,Male
175.57598792492797,80.70918707230969,Male
182.45836262545745,63.9753595967308,Male
171.3789808492974,70.969582932971,Male
184.86543208129905,94.1031098494614,Male
191.09228686533476,90.75499253825926,Male
172.46013007692238,61.818084949525336,Male
171.8814823501946,73.39365069661642,Male
185.1736913398239,103.25301343148466,Male
186.05700502011499,99.49219617153443,Male
171.33997980992712,72.84738896233894,Male
172.058692280329,82.46055054954681,Male
173.02750773797644,71.55449292939323,Male
165.58884642276007,54.533288173271785,Male
168.5694363746106,63.158345259134435,Male
167.97101463273552,83.76438023528941,Male
169.6254170442711,69.56689229588083,Male
174.75720578829254,74.12031250589483,Male
176.63950312775563,75.19716345354269,Male
185.85350344969854,106.0853461990264,Male
168.01152171482846,84.33888633580065,Male
181.8902567893361,104.73204496918927,Male
173.50207809042143,73.82110774247604,Male
174.65375403243297,78.96514744416312,Male
179.72373644516622,66.05500454911342,Male
167.1409458490639,82.21817392464371,Male
177.67686822328835,67.86295960911949,Male
176.16516545749138,79.60364841965678,Male
178.44715884805706,69.12592204521523,Male
177.0241805073547,72.80780627071466,Male
192.18710097937625,83.06219660479866,Male
170.5358201102408,67.40261138224648,Male
171.28302131498728,68.59966939485034,Male
170.63801631502665,68.00409407104604,Male
171.11166016587822,80.51780575392768,Male
170.53829010885437,63.0683513802694,Male
183.32311571775287,86.24195674563138,Male
184.943529735929,98.00803532871966,Male
171.00477594375366,68.60441954471158,Male
169.1735109882704,65.38521005937413,Male
178.29990889470483,77.27857112602601,Male
171.1344386900332,83.58267253931736,Male
179.43052272428858,82.36308796306503,Male
176.4204611459591,72.85036512188255,Male
164.38979119501937,71.48289391005464,Male
185.83253640931042,74.91445060048599,Male
187.57114371166864,95.14900287956944,Male
170.7104791666093,76.42746779002948,Male
172.2860890804481,71.46528406727985,Male
177.00105773507434,70.44172555461915,Male
177.34119752990918,70.25894286124041,Male
179.60980990870982,85.82512098946813,Male
189.07143177136444,102.55009660830267,Male
173.76136940754165,69.70986132336083,Male
169.41191928823082,75.6977602958389,Male
165.34476540389832,51.23012708395176,Male
169.88348972040657,67.08930971884323,Male
174.76811118988343,76.07513350840667,Male
187.56190504462452,78.34801690144675,Male
171.3767209067468,65.17339899094367,Male
176.5665156614723,71.69378069443098,Male
174.88503972749075,79.1429376428417,Male
183.31875291413658,82.12581242435859,Male
192.68852698111536,67.89127318186613,Male
171.28391858955774,54.68020658905116,Male
171.57392390237246,68.2346300314467,Male
182.3091261394835,87.65512987941274,Male
179.77324042738417,54.15754196676631,Male
187.92695128015222,82.9967254643545,Male
179.08749729728174,75.11743047917983,Male
172.4849553644906,86.76900565763252,Male
179.13458381484617,76.51648532198736,Male
182.76092506408037,87.34161770106806,Male
180.74337526838156,83.05480284102178,Male
178.55091821775108,59.324063081684855,Male
182.46672282712407,90.9082938538689,Male
183.1850691331197,86.06032715211983,Male
184.6751129372627,90.46257827890443,Male
179.5409692131275,118.55603324967645,Male
173.830173437782,56.64967505385336,Male
176.02699580503327,93.49593622540402,Male
183.4455627655585,81.22870739791006,Male
169.28145030308934,74.11065071860784,Male
177.5807131621103,78.40670685433882,Male
172.24662831370847,70.3962646851436,Male
175.2012137605437,71.49127719471275,Male
183.9491630382511,87.93814170210736,Male
176.33769347613932,63.584508650606395,Male
175.32505583709303,83.76877581911461,Male
165.48100701314056,65.04079346478848,Male
180.22377496219053,70.189920529887,Male
179.51838926798752,76.21638087008766,Male
190.1427830631382,104.02109154118688,Male
172.845552355329,69.8909277588319,Male
176.53405229364756,81.26196282427337,Male
176.7456857859753,71.24728246979596,Male
186.0421729583443,94.3991121588631,Male
174.33293127329134,82.23010669597282,Male
176.95315068039238,95.64636733381207,Male
179.25527556801578,78.6387444361045,Male
176.3062638620945,83.94506615282354,Male
171.8749646981463,74.72161278330496,Male
176.35862995028816,89.84731956858374,Male
182.5154222490184,76.09600106429113,Male
167.81439290412257,76.69835439939948,Male
175.93078771902813,75.57124486232391,Male
170.0991542954258,71.77714486278121,Male
183.3653264024739,84.98260112853673,Male
164.33769166651356,69.56085985651835,Male
171.0875470690989,72.15673159553486,Male
177.64048312545165,80.92300897320031,Male
185.9586682046404,102.82325893360205,Male
174.53974817248908,85.16656756477138,Male
171.11360331314762,80.83428189902351,Male
188.16809948608415,83.67926582814965,Male
164.8639026970863,60.69936793000638,Male
159.60835830365943,70.98790533537172,Male
178.08010115037334,87.61580213054424,Male
171.48562042953174,86.51048350280881,Male
167.851370280085,65.33022626602964,Male
179.95849513109548,78.73246583366841,Male
176.7066049963984,62.705082434947016,Male
171.0514495848429,69.7015496693408,Male
166.03786920930375,77.16364339251068,Male
181.107201297961,77.40925679333404,Male
179.55140824571063,86.79124287576701,Male
174.30576895354432,74.21986447850009,Male
187.92645897233365,91.72423877039712,Male
167.50940663571694,60.48744329206486,Male
164.32132380352684,68.19397846262777,Male
170.1566435108313,46.40224615318473,Male
174.6808978855115,74.57268814355483,Male
176.70337614525883,62.78719821648586,Male
173.31134759500569,85.95933123697829,Male
177.46438777560007,86.07903126526917,Male
166.2392240306669,72.95770193729089,Male
185.1063522285128,101.29579631346638,Male
174.42494175125202,67.39918272614406,Male
182.8210708211169,101.07978102584794,Male
177.39907742464393,87.47702323567832,Male
178.1972725340765,77.1321778546681,Male
178.98837096162544,91.00659559289318,Male
178.1339599201212,68.79789448987474,Male
179.4990593190728,72.5800485496037,Male
184.30406771092703,78.71820266120044,Male
176.3756481879103,72.83423302025963,Male
179.9630263031196,70.70120537244031,Male
174.37185013998942,87.17040641741109,Male
185.0808205081463,82.97716503427357,Male
170.2652538855851,75.54140455597569,Male
187.6065830303757,81.96830962952747,Male
174.7188943454896,59.64363121770455,Male
164.98457428517366,70.25505545713823,Male
175.89673090437552,59.599794258064605,Male
170.23263839767583,71.85119102038864,Male
180.88450484292107,68.36695652524443,Male
170.43163214488325,89.93463983947608,Male
171.87671596749655,81.93094912894648,Male
161.77321488338129,66.25672383031458,Male
171.83385576525646,85.01117731623809,Male
158.0328447135973,56.095084972189476,Male
163.91268023559994,71.54897479008112,Male
180.32290259301007,83.24000474987496,Male
180.50060111055583,84.03173676744942,Male
177.97820293249475,91.2816145224446,Male
168.23116699809552,76.97355101187682,Male
174.66602050700615,78.91308019589502,Male
174.97478222636602,61.3405393224017,Male
166.8914471756522,61.60990753520339,Male
185.52378811237006,84.7806314571517,Male
181.1415360340297,82.9497676684976,Male
173.45325078319235,65.01407249787431,Male
175.18820087296172,98.93222675964668,Male
176.45867965563286,92.00925537935835,Male
160.70785592102996,69.2328130464252,Male
173.2697583223558,75.70483890970196,Male
170.2261102640154,70.59757228731605,Male
167.9886599307356,62.49147875987043,Male
173.0322979497983,75.54637444588703,Male
187.58380568794666,90.69012488284714,Male
179.48590002886908,68.53690554071862,Male
171.0017470715204,76.0355494400524,Male
179.0080794694931,78.61720000661788,Male
170.396132619516,53.06575351854832,Female
167.54780209747662,60.12755130814,Female
162.35778221952106,59.99331997958527,Female
158.11837933376657,74.1618751709543,Female
166.18933988168155,70.89676703149173,Female
164.3609123125305,54.011608931759945,Female
167.37115932016638,71.31606761194666,Female
165.8110308100918,53.221768181229336,Female
168.29731629191602,77.17740610429935,Female
158.7885887306366,56.94950311393092,Female
169.90436439380596,68.47107068813386,Female
163.1855976281544,74.5025004240425,Female
174.4515652357516,61.28822739020691,Female
157.86487309146258,49.365755536943404,Female
172.4157828189915,66.14065264889689,Female
163.18746470077588,72.20801166789168,Female
158.09149197831331,48.59113920600198,Female
159.09668499567408,40.0,Female
160.07791615083408,58.03157867387798,Female
164.5449956784115,69.46165729751817,Female
165.137012928213,75.26798458014642,Female
158.55779997636853,56.84413922216062,Female
161.8538724464341,59.63861960165898,Female
174.85362215167117,83.96082936592474,Female
172.36525902060427,54.63859226296633,Female
164.6179420180442,61.879195266260375,Female
162.2280208690092,64.6665026369296,Female
162.72018796030957,67.11516803311062,Female
165.6811078363825,61.68225756765499,Female
155.86324460880957,58.555048724021475,Female
160.45574077545993,42.57113117827896,Female
151.98849555673445,50.879445891808324,Female
164.39533873563167,68.53892021190366,Female
165.88317563821644,57.93234444431948,Female
159.10088122620377,61.19933885679543,Female
171.4439205797402,74.4837223940419,Female
154.64540602198596,54.93884388958129,Female
153.21375071874107,57.539151337400874,Female
163.34671091135982,56.33082328988649,Female
168.28258981567294,66.21036277357909,Female
172.1035661487472,76.50944447318331,Female
159.24669442278636,62.05705044017137,Female
168.47208500058778,63.12459666239638,Female
161.76894918299575,64.5663317093485,Female
160.9642362003551,67.7373163726978,Female
167.30195962492004,49.96254614722225,Female
165.91393727048052,75.63774364256368,Female
152.5416470580945,53.49820098647944,Female
170.85924209835537,73.78929651162444,Female
170.28054812488472,80.00353557361915,Female
158.24662379094283,49.7959521343394,Female
164.37482120062447,59.09526307478874,Female
164.96418111769643,62.95593615345648,Female
163.56404259494343,57.91729699504765,Female
158.69816907692748,73.55263124673539,Female
157.97025979237168,53.47692491583988,Female
161.84667557405132,58.500775912446265,Female
169.03637411555619,70.32793033381647,Female
165.2616009275666,55.69763738408941,Female
159.77631400748336,58.237992227401314,Female
166.63019226389008,69.28177641600269,Female
144.90874427621955,48.29963083157344,Female
168.89259420223263,67.66015022837247,Female
151.5617173273314,51.48251087508899,Female
159.8253543515812,49.70019109456702,Female
155.28198063224315,60.19630868806735,Female
154.23191114567456,69.61358967228739,Female
168.96496072427112,68.67558440527705,Female
159.19379279212865,62.535030620164534,Female
164.0790232903843,70.20745132283317,Female
161.71847652672488,52.80788857776205,Female
164.86224496333872,79.11302325007792,Female
162.46093134636152,64.94658293065243,Female
154.30204665486858,68.79781564869941,Female
167.97760091668283,61.5144565554326,Female
159.03746050103211,74.49821829262113,Female
152.66050860804148,61.352107461201214,Female
159.43130903420453,65.22123018326877,Female
171.00455874380586,72.23518404875693,Female
167.10133045268097,64.9329625908931,Female
159.90808719355283,70.5789243729959,Female
159.90445377408943,62.443319150975775,Female
160.0701896926957,46.373564747249986,Female
174.46048790136504,62.84654748051277,Female
164.29161271338933,63.27527188621003,Female
164.58024988314642,67.52703175564184,Female
168.18170072419105,67.40401964398185,Female
163.4327349541591,73.87232885050557,Female
160.44574712507577,46.71474102134318,Female
160.82190090549014,63.18695504269947,Female
161.57039244351563,48.41448032976543,Female
161.77666658094094,68.77694201190053,Female
166.36577726182188,65.64185606885616,Female
162.3116753148438,66.54458934184804,Female
166.39584046329347,59.27453427009847,Female
161.5157005193485,72.62291554572546,Female
162.47181114189655,71.60256432886668,Female
150.01079589280735,57.947264377635435,Female
167.4979660482149,66.24326071023849,Female
164.07893085538797,69.29580650225245,Female
167.98806065915792,61.74342241076337,Female
144.62246773083785,55.5659325276396,Female
174.53024822868437,88.17929413445945,Female
161.16246223106896,70.67821353574631,Female
168.6490969004251,62.0365235357863,Female
155.7605644372468,60.857790222581954,Female
165.6766434303754,55.228464674088485,Female
155.67950662095805,62.328415230368954,Female
158.25738623582518,63.494623570930905,Female
173.4841881232007,55.34960640510185,Female
160.85590559541993,53.08087820654416,Female
163.30459723907833,61.73888186817826,Female
167.22040638413253,64.58654231283649,Female
164.97409132783562,55.44418108727284,Female
162.90251343086146,66.78607458834607,Female
164.18976601479736,66.73365896678818,Female
176.42049351142964,72.8841164305726,Female
161.6542872177985,56.791932919283816,Female
163.2065942802898,72.30747416455658,Female
168.30392637604567,82.05033158815264,Female
168.6331555977479,64.12380694675096,Female
169.12218183336228,63.392732911952,Female
165.83238133217512,70.05342792142118,Female
155.1419705236171,55.180448369141715,Female
171.8005891938066,69.60275085756507,Female
155.12192764188788,63.0901903619508,Female
163.8158127914342,49.03386262837759,Female
157.47434489988385,69.32305159668981,Female
161.61516992044204,63.256224439240334,Female
163.97257446182087,61.20966692925495,Female
163.92814329270163,63.774465058268994,Female
164.5315245254117,64.66437592547223,Female
171.68226761435187,55.431478251841675,Female
164.72120580908387,77.2880631458959,Female
160.5350601882561,62.171120447574296,Female
167.78452300973015,71.30532255540359,Female
169.13682293354785,76.82380659065659,Female
154.63435310917805,50.06293501023346,Female
165.58440041909915,69.69818805556667,Female
166.20703645386538,64.08141172671185,Female
160.21461897984005,68.12559555399972,Female
170.2542408798697,51.069348232111814,Female
161.09966647780485,61.51590473365854,Female
162.75345872082926,58.78247344123519,Female
160.96156905429677,65.54050593868777,Female
162.0934742854888,66.76333038307097,Female
155.4223494786288,52.84661013248979,Female
153.35969470443422,51.42114330290018,Female
171.56703037934983,69.66735149038541,Female
156.91823191009004,52.47249997231176,Female
156.05164590326217,64.5963042881788,Female
149.0796593183777,50.877726828990134,Female
158.166229513863,40.0,Female
154.061461239555,54.294928199615626,Female
171.8520909608182,61.67810042133402,Female
168.0589025360558,53.96308155202802,Female
157.87109792893366,50.56366004987533,Female
175.51461483206586,74.94402291281133,Female
167.89059292194958,78.88462269084897,Female
160.05101169894826,63.885973936750744,Female
147.00356571075855,47.93214573622508,Female
175.74565543554445,78.35207529028165,Female
153.66256519941842,53.41720400930365,Female
152.12760751825866,50.72024043010079,Female
168.13542259205784,58.05686511708938,Female
176.63851443803563,58.485065697647805,Female
170.30563691106312,66.21681859180097,Female
165.38345472031415,66.94095790872406,Female
165.5685260499917,64.9964267956972,Female
167.12049335268185,63.5449278591994,Female
166.5535715387206,58.70569638725791,Female
163.68714854381625,69.19346836191013,Female
162.62520662371125,53.02245908779438,Female
161.62444123260286,68.77543145135381,Female
157.47621246679995,52.06089694065002,Female
160.31594953879934,55.88134143708261,Female
151.8422591148277,45.18908063106687,Female
161.4099622392315,58.608686683818846,Female
156.06845335709448,65.58448074313442,Female
155.3784640967054,61.67648130123239,Female
163.07936490692086,71.63401560022056,Female
170.3520137180676,74.19328360672017,Female
167.50989963601387,58.05241046617849,Female
152.57699637826093,53.5611694534886,Female
156.06223118057798,52.75238476030925,Female
167.64462712792928,78.66996134789652,Female
156.10507563877013,49.73581811070601,Female
160.65220110001786,68.86157920218474,Female
165.3003125941473,72.89783728309801,Female
156.1899332708182,71.93894612003359,Female
162.63225303687577,60.22742844725802,Female
153.99584703049078,61.983086528494404,Female
158.39179413629273,77.38370238984393,Female
163.9186916048552,59.50772310427971,Female
152.44203759880997,45.07093528891601,Female
164.6428484277624,49.768861602968855,Female
161.88217320643992,68.4971759960291,Female
165.3149397265029,50.150270150385914,Female
163.34348480438797,61.054461769338765,Female
170.18484257984306,73.3106684374896,Female
162.75134701588743,65.04268123211095,Female
159.42356675324848,64.24201259938475,Female
162.73378501819371,65.32350646716476,Female
165.25978817421833,76.02396782037957,Female
162.2931604219542,55.68882948599116,Female
162.2435501472233,57.82897022703691,Female
157.78804987315948,53.98187825546851,Female
158.02259449469432,66.14998777062463,Female
153.58436836920183,62.98320300350574,Female
172.49746045912164,75.44081069771302,Female
154.5368205876523,65.79503637522282,Female
157.84256881322455,50.989252891057575,Female
157.6895564065848,72.11554740585957,Female
167.36954626166664,80.03110231561101,Female
160.23030193024783,67.2828516757456,Female
169.4864524360424,84.29658173034856,Female
157.9590562545368,47.48219905512075,Female
163.6739649733428,60.07914176255302,Female
156.98791768044146,53.711983470375706,Female
174.87089476664033,80.01040609287757,Female
154.87440948582292,50.009969720297775,Female
163.85892426136218,70.54095889190513,Female
165.8026612855926,77.28028038124084,Female
164.48279458470898,70.57354408355853,Female
160.88827404673376,64.3275598423016,Female
161.22107580159945,54.67825378646264,Female
162.26286883187467,56.50109029959998,Female
161.11798799022907,72.03327394799109,Female
167.78327470076945,74.14483472566899,Female
175.2631380095481,73.36163137361628,Female
158.655049289953,57.255605602039914,Female
153.78118212252554,42.38447713217468,Female
161.47030770989247,54.19839325850633,Female
177.4782560259259,93.65854348747101,Female
157.1779525921816,49.80171965061953,Female
171.8347008326644,72.54363513468901,Female
172.06620488445864,80.00442055149583,Female
158.67847054975203,50.95000131128716,Female
165.41389847511167,67.18441972367184,Female
171.77037973877123,79.11412926038054,Female
159.7252335540751,61.32482593486511,Female
160.77851783938584,84.28359122051806,Female
158.50991451630813,47.72367955829089,Female
155.9114596158428,66.06091343021865,Female
158.10433472960395,58.696897078368345,Female
154.65635839942647,62.943586386179156,Female
162.20450080955536,66.62799727588298,Female
157.38016061364814,53.99667882177438,Female
163.40271547074448,65.9153656568012,Female
152.66462612277823,42.94522396286505,Female
163.98528139328675,69.40542381461049,Female
167.00117376965355,69.42917840151682,Female
150.03758614457126,58.340182253238886,Female
164.24433941908543,73.30609170548718,Female
169.36601395483976,72.0071676652903,Female
154.74215388785277,58.532128364394694,Female
172.03543432102623,63.207977645427896,Female
164.51411405619626,59.1728911540772,Female
157.76992886544954,68.6010692881946,Female
161.66538553405377,73.98756054610696,Female
165.34996147513033,63.66443806789999,Female
162.45603234847448,63.70494070476263,Female
165.2325359546782,58.11502048755306,Female
156.4759584415238,67.37773022354612,Female
163.01616494421646,69.08313798669785,Female
153.5177130185701,70.28745389246613,Female
161.33264363190779,55.609376176874804,Female
156.57655415121127,56.05872440452819,Female
157.5868203444614,61.324945322427936,Female
169.41655905126262,74.4513862422274,Female
168.5478607235656,66.34208470279458,Female
165.65482872544305,58.67303910814198,Female
155.44612341196452,64.38176001046021,Female
160.1015493018312,67.06336658463174,Female
169.2785861998751,60.895759182624424,Female
162.85030148183944,74.43252232904771,Female
175.91597723989017,85.13547661591394,Female
164.35990703636622,65.9224025847765,Female
163.15229469894018,64.52044783687957,Female
160.14530121478498,65.81453769989382,Female
162.8012454286937,56.75855231147312,Female
161.08518098171675,62.510026246894995,Female
166.24865206013155,48.486004756183306,Female
167.74021390076751,74.92646219750534,Female
157.2840632369523,47.78326836645061,Female
154.01260227865333,67.62599811052225,Female
150.98276776138022,52.4523056749269,Female
165.04794796147527,63.64818533116596,Female
155.37980036295676,53.39632591144632,Female
149.0826564422851,51.420977922967836,Female
164.33147162718578,76.3037586012716,Female
176.95799710459676,51.78284742405545,Female
161.96357453076064,73.00656195855196,Female
167.03094464670986,69.78759677713518,Female
162.4909761512854,53.807148915451776,Female
161.40666208085315,54.120818147404385,Female
167.5144588979266,81.45905212066361,Female
160.25835273486808,54.35361298879095,Female
163.60435388443142,54.97801605685602,Female
163.93018683717608,73.66440710461134,Female
157.9914572781417,62.4423374063249,Female
167.95225409721914,59.76201312813291,Female
160.95024145982754,63.85545225363711,Female
157.46552904304292,51.87876058505253,Female
165.21905906142243,74.52845790958061,Female
156.60919210925377,66.67294881228301,Female
162.16908694421477,67.3144900478131,Female
161.94528602013477,65.78856840071909,Female
168.51537339498947,83.15780008249288,Female
164.84818939727973,65.21726410518599,Female
161.84983824752914,53.580999285250826,Female
166.90659779520172,70.61515771120288,Female
170.34124529410389,87.79744551191014,Female
165.34686183811118,57.292072387081625,Female
162.06211571906027,60.18585898516837,Female
154.12898260589904,59.98167942113548,Female
155.60931802154778,57.7226438459319,Female
160.168651773872,54.00958889205778,Female
158.3429267870443,68.61228634042862,Female
160.87817218208733,80.1303265248387,Female
162.33989954938264,64.80085200416573,Female
165.17815652614038,58.081244278285865,Female
161.57700733164546,50.525436504164304,Female
164.9190098629572,67.38082243080487,Female
162.38684648886073,72.01937506870263,Female
150.14720060187676,57.31971686226411,Female
156.36398763708746,58.6616399570873,Female
161.1354746656703,57.725070768096614,Female
154.74183154295335,49.622513893893974,Female
165.59957237997722,72.68319446638033,Female
171.1845049940622,78.36310941730883,Female
169.3125711101839,55.506878871079564,Female
160.71934277441875,74.3136966548394,Female
170.94435682109972,75.1653836468762,Female
162.89200474321268,74.82210400809852,Female
159.97748417329177,51.11806878442706,Female
158.31958401875437,49.8858657471784,Female
160.18518188107123,60.43556785865583,Female
159.67093908875262,65.03305894256897,Female
163.02249733425293,78.10540903675472,Female
162.9634438862992,69.36242082049269,Female
162.0182761209205,61.08870295187982,Female
164.6216290184781,56.69620567626798,Female
169.14387764871805,79.2201294927858,Female
167.69732481264793,59.35479513725688,Female
153.09061218930057,67.6979613534508,Female
146.67647319058827,49.79809632672336,Female
167.60591946743565,80.82485361052208,Female
153.79872780950748,61.587558956755565,Female
160.6514075886439,60.880589595589896,Female
154.97932184364385,53.90206589613799,Female
151.1881173745199,52.52110639101162,Female
165.24877636922872,69.0460129092449,Female
166.55493096181587,67.21941704372063,Female
158.5409375956397,55.84687364644088,Female
146.45374624713054,50.41110597686521,Female
158.7225333104851,61.05669581524262,Female
164.3508240324153,47.57696959335702,Female
153.12653058735523,59.49746376300084,Female
163.10015951867493,56.02532501150641,Female
161.90814090496204,53.844068786310395,Female
165.47574899760653,51.85636440175256,Female
162.71748221048492,49.29569343320952,Female
156.16158635471066,48.61109633631555,Female
169.17942900998696,62.60401896170464,Female
161.0488225618382,77.44647830135168,Female
161.8361727629404,58.726286368266884,Female
156.40039224556082,60.010986481473694,Female
159.34030649285094,63.984786473286626,Female
156.6911837158386,59.8904836615586,Female
160.96232364045946,61.579345357832366,Female
172.27025088085406,60.58306039948742,Female
153.76859314241187,67.0395314744517,Female
152.31863161273955,68.2609294012558,Female
170.82702196496166,55.305552536738865,Female
160.7440579370888,54.07490961981508,Female
157.9855635680405,57.80747921765227,Female
168.23942812437645,59.740582919047164,Female
158.3663067615788,63.99859677130093,Female
172.95605828128163,65.25749914431591,Female
166.06755522803562,84.10089500544377,Female
159.0725315511258,69.76748630173934,Female
174.94384927959302,75.40461176990662,Female
158.36571046197997,67.91822747763194,Female
166.45257223205584,75.68767649059522,Female
163.79575548243895,59.85066630961722,Female
169.8104477363928,62.1445802911251,Female
171.36906718036113,71.1701138195987,Female
162.1920248943946,69.93493240424108,Female
157.4794927779229,60.55409818152968,Female
164.7598328576347,52.30727553022455,Female
157.93370778148736,53.85586599665797,Female
174.08032348515974,72.05700047108378,Female
162.8192119864964,63.02245917491977,Female
159.80807069212736,76.4054879055841,Female
163.10808183518944,52.788241862438696,Female
153.91724226282182,60.45054314717006,Female
156.1703157689361,69.42947078555216,Female
169.20248344766657,88.21988076481932,Female
158.0586343261716,56.927215068452504,Female
155.71853410390835,61.77072148942251,Female
165.2199165151637,70.18022060744029,Female
169.11422492797797,70.3163016099126,Female
166.3137198639904,65.5643832014542,Female
167.9762861148349,71.40892722619628,Female
157.45922946858323,40.66927764566938,Female
153.46913599954894,61.34605060496303,Female
171.00800191173292,71.29194214111378,Female
160.0639209669472,59.77912843098175,Female
160.49500190126972,77.63806891383518,Female
169.96916485109435,63.485285457473836,Female
165.33738005640396,62.30187829044262,Female
164.73532663248966,81.34441626636297,Female
174.9900140694065,65.84792122960307,Female
158.13889061771914,55.89181110662319,Female
167.56704076848743,66.15042615741325,Female
162.3420787493825,69.89913598470012,Female
163.61155367317954,65.91376060693139,Female
171.17081055847518,58.9567092120843,Female
165.04701453773774,61.028276780300466,Female
165.2297764742978,60.54771670747054,Female
168.4350440238588,67.43163698305318,Female
159.8102836227427,64.55711230664635,Female
156.96474199596597,62.22214982225254,Female
155.7311448358738,45.28360266349389,Female
150.201860463744,61.34638108611439,Female
174.33724277964194,75.2472715408914,Female
155.3807498056699,67.97172664095183,Female
160.67247825848537,65.39772858135844,Female
160.33912020066649,70.19477279481212,Female
163.8444401868546,68.18532413930767,Female
166.8944232752358,78.0982265483729,Female
167.16284093015847,71.44223686846226,Female
158.50153536858636,59.55659842707085,Female
160.99726971728154,79.87882483309768,Female
163.6954797029298,71.45775182838511,Female
160.5078532428987,66.26502411745359,Female
171.64407345611994,59.42742635048667,Female
164.9458497098295,54.78177286956757,Female
166.4092667162989,68.89267272532902,Female
165.9772876120045,67.31896947618512,Female
169.04084314491195,63.3150058961776,Female
163.08612935222223,64.9579240873797,Female
154.21900831226492,68.41533982580007,Female
164.39812771051584,70.50252602667403,Female
158.09185863724903,51.42810589317132,Female
158.82829990950145,59.69953839684989,Female
165.51818411253055,59.135122713293484,Female
169.42969842860182,65.55657119758568,Female
162.12762946041636,59.82327173910558,Female
163.85299807559377,60.58761131290697,Female
172.21328966781144,60.01057914424184,Female
163.4445190769314,63.090811566606035,Female
177.61009868508236,70.40346441520418,Female
165.39305787378927,41.61127182764921,Female
151.43542344506508,69.1624996867868,Female
166.5200497266272,75.60654897202477,Female
164.28695030929666,61.72955512235531,Female
169.73851652449648,69.30945319912287,Female
166.03908810761976,56.47515491959313,Female
161.16926409609735,75.55546705890892,Female
154.6542105822638,71.01678216854559,Female
160.74586045628385,63.22880963205392,Female
156.8968772747442,66.63867481529608,Female
158.51685930117168,61.62758777878459,Female
165.53147042652367,54.77345161609976,Female
172.01942702610845,67.36179939573871,Female
164.3680291789379,65.90972102659003,Female
154.8247016277889,54.26090526586051,Female
164.66761600932085,63.29835414687052,Female
169.1797889198739,67.9075163661578,Female
158.3413025740837,59.564388506499625,Female
161.19589699996249,62.76924852577939,Female
162.0881291683752,54.694704293970496,Female
157.29061012150657,54.05504033672602,Female
165.88968260306316,55.44123692270702,Female
161.27431110835332,70.05228794799773,Female
164.51719466344215,47.860804110292925,Female
156.6750469331874,67.40814778298717,Female
159.37525019805955,71.52530694032663,Female
166.33428814696663,63.89289125242567,Female
159.7630010874494,41.325209243998195,Female
172.36178310740044,68.08039467830994,Female
159.6021828863124,60.64437009252585,Female
163.3481083545113,55.94863302305435,Female
167.59554499123854,63.070362585834474,Female
153.48980560240182,67.35690490588308,Female
151.43514712811535,59.61280243354094,Female
152.84606211257943,49.588727385140814,Female
169.5755046205631,55.23194677022141,Female
158.6888511246453,57.966663643291305,Female
177.3491957140095,73.47242933232747,Female
158.61451440805567,64.12565176470555,Female
163.1073078191822,59.577116512714056,Female
171.25265971540725,74.88623336934923,Female
174.03655732895473,90.27693945967661,Female
174.36902145981838,80.40941741225377,Female
169.25019738355886,68.33625268791307,Female
168.14437515486878,66.30063594547748,Female
165.5551616952071,62.84766383660956,Female
166.67016645699982,76.50855400266776,Female
158.6928857020288,55.700865086396284,Female
157.09080669946616,59.56084703153571,Female
161.9797532555343,63.37284768609417,Female
160.97889226485043,58.293087667524446,Female
159.28063170403635,50.44280023470805,Female
166.1783246847403,68.95227053064136,Female
167.73183125142307,67.00663619264564,Female
162.5304413177511,67.36307378770928,Female
170.86518048633158,65.39425990515238,Female
155.14986531519898,66.58764660001921,Female
160.83804324432168,55.28095706264223,Female
157.69906607638316,72.45860566487377,Female
150.80078029756163,42.65526561002041,Female
161.5039158849438,66.00253506087253,Female
161.2695149497003,66.12833536829241,Female
171.08069845945278,63.25919915996598,Female
165.78487010732866,69.46238781121359,Female
155.85487905402476,67.62192185585285,Female
173.12455539800513,52.000245486813824,Female
169.32620217315213,73.13558420444528,Female
165.4925862208117,45.245152775391134,Female
160.641095406901,54.45749092804534,Female
156.24336457965913,70.52013094201848,Female
159.76675934357368,56.80593296885293,Female
168.53249171822512,58.165097344559705,Female
173.30751783560765,70.30164242740192,Female
171.25946116963314,88.58691297739293,Female
159.06690346928235,46.82175046465594,Female
155.28229540026592,50.26527717787106,Female
162.84531748146722,75.55757021512728,Female
151.3893638066229,67.77783354646587,Female
163.9390062851087,63.66844946982061,Female
161.11438448220798,52.64988637126235,Female
159.20378098879056,76.766301973543,Female
152.43178159639922,66.87935030175623,Female
165.0816006394183,70.95542941435073,Female
158.80379496202852,54.37844270417787,Female
154.98049898573828,57.292202097734815,Female
144.7664267203101,49.289348754301315,Female
161.83491056969618,65.45684399731122,Female
172.63350958001845,84.49855522229488,Female
171.9675552872872,78.77687402567565,Female
159.25742246048236,52.673400749837384,Female
158.38672763782932,70.5666369638933,Female
164.81264553645013,67.74340155622751,Female
156.00968736487025,63.430407094013304,Female
163.8107513989168,76.20744008460122,Female
166.59648167030815,57.355161728779755,Female
169.36159934330584,68.53176389887966,Female
161.39907554112028,58.3659244419689,Female
160.7779574989382,49.88038493856816,Female
156.73210447946065,61.51096042604291,Female
157.03871787576085,77.76814995952753,Female
160.64112664859084,47.688094390653816,Female
164.20419304089708,64.45012602984183,Female
167.4815077573995,72.71031250995775,Female
157.18092629591794,60.2062498588654,Female
170.95613141375713,69.15051318267092,Female
160.37325839374458,51.702406277117646,Female
161.87179623390938,64.71582508060709,Female
157.51672992511305,53.914709082983,Female
147.45455843836234,40.0,Female
167.3042723781663,77.20897568281971,Female
166.4210633825546,74.43335638114594,Female
160.31203465729072,62.0781816269821,Female
162.40194430334924,65.11105128619117,Female
165.0956353062246,74.20043196028308,Female
152.62472485868074,57.47408695847954,Female
158.82568393592223,67.38274989975314,Female
166.76558807773097,64.26386533076558,Female
154.4742634609845,66.66159948291994,Female
163.76134759299978,66.94349772514337,Female
153.86050917225958,58.193475853420225,Female
164.79857989460115,54.83265901267069,Female
161.7861511062151,65.07272092771997,Female
152.30920910456695,49.88549761937381,Female
168.98843612674304,63.068770231113426,Female
157.5924505392117,53.52986393487561,Female
157.13848537791372,51.363605644366885,Female
163.20341518338566,80.90306335632384,Female
168.8918240965723,79.85138944373855,Female
155.90506908612963,72.33849812184629,Female
162.37007909908783,53.601565295578354,Female
164.57289900198344,65.58112988570733,Female
166.15863364357887,55.54724377586468,Female
163.05864933166336,58.262329177429095,Female
159.79783296550008,54.2514263598326,Female
157.03445867610768,68.35394690079444,Female
162.51686329827825,60.24862057055507,Female
155.56716592808635,65.83954382247028,Female
144.47189709903236,53.87589647438439,Female
164.619358824946,83.76714044195343,Female
167.42360904651719,54.83265411668421,Female
147.82240538674898,60.698339248501554,Female
155.94161577174037,66.72636172126502,Female
165.71492556603118,57.88833337141116,Female
174.3449728182702,82.13470560837132,Female
162.12476224605246,65.73326696570001,Female
157.6319823526252,57.9391322247075,Female
160.90262135337096,55.73574724647744,Female
170.2492585148891,63.31056880848406,Female
158.1242149252528,75.38344158157858,Female
157.20484796009848,59.31713655925665,Female
159.1035388669078,66.69308325143585,Female
156.28002835044774,52.82132662579428,Female
162.73602189596878,57.36337410171903,Female
171.74807075081736,80.36848108684967,Female
163.93847563869616,53.62068536960524,Female
160.48587898724227,58.60548311600305,Female
160.24913238650674,61.89362760782779,Female
152.62085514782007,56.68176581763033,Female
167.29865866288296,65.66943480318432,Female
161.53297681792318,65.72139233772967,Female
160.91712051845624,67.52867575142407,Female
181.15864540706917,85.99719225901168,Female
163.7925174501941,56.45303300111377,Female
157.4892536994289,57.41251791140462,Female
159.44185442276674,70.12396454525611,Female
168.89067425518053,76.11343461788336,Female
162.6796224632266,52.61550555134683,Female
153.3703321300958,58.93420250663714,Female
167.5153736074512,50.69382970945653,Female
157.99113548676604,60.25834276935162,Female
173.23978665730527,89.11560542888414,Female
168.4802883942879,60.0535049764456,Female
159.3160686260475,54.5629247569664,Female
169.68609817041067,75.7037906853856,Female
162.40713306316442,51.09466907950896,Female
167.1166420507333,61.72566348395374,Female
164.90839690376686,70.13349602949434,Female
156.92186007005475,54.413042522535676,Female
158.13870100609523,58.248506488817696,Female
168.17976490548696,74.1973013079446,Female
159.99134800736076,64.67047924783056,Female
159.57810922054801,63.15478804353565,Female
156.26926452390387,56.12378101799867,Female
164.54159439356076,67.98315040234831,Female
174.37514951545887,71.84737216772638,Female
155.59480251447437,61.42838895579924,Female
162.14531674003655,59.17918155040439,Female
170.47332333249258,68.15507000099049,Female
161.5221516525257,54.86635006295992,Female
164.71423077749841,64.82893166276214,Female
155.62563883111872,52.23384314186332,Female
164.5698425832459,55.94816550676153,Female
160.8771344099727,64.12384355623408,Female
167.91437997407917,69.46804825265731,Female
169.12431630938852,75.36505178483787,Female
177.53738185211168,71.57019113510337,Female
165.47779903928145,69.07106607137464,Female
163.954777899493,68.9566308904952,Female
163.166305809464,67.44818044030123,Female
159.88100224313587,55.01705200630953,Female
164.03090306077016,65.78036748359355,Female
160.22759153916581,64.4194737733151,Female
163.01076585761768,63.83124844981576,Female
169.90558521364775,51.21330547338923,Female
155.96074460832216,59.548122294203345,Female
168.83927136677428,87.33766621289475,Female
169.9026904040392,66.16265021089912,Female
161.2915888380535,56.75367130612661,Female
149.26887060594842,55.97046545729512,Female
158.3530680774334,62.53159614815305,Female
169.78196727936665,79.49670464623657,Female
161.8627916262067,52.992273034215835,Female
156.00418660623055,63.74948252796222,Female
158.9713504726307,65.12886111429444,Female
167.04372015902732,65.7787304449756,Female
165.28040140920828,68.3379051456025,Female
160.56640740498185,69.83808025238987,Female
159.7990535291119,67.96833499190859,Female
159.64945110573706,52.431108596501915,Female
156.46553889300898,64.77911781546567,Female
171.69225413681664,70.1756806376025,Female
160.06607718473197,62.05089319521719,Female
169.30295112495298,69.42179857270776,Female
171.1278963115347,68.96346772974113,Female
167.98986538888775,77.81863604113116,Female
159.4102781236917,60.349705135453505,Female
164.42238054201965,55.803341564005464,Female
161.85482636165452,59.77997486123643,Female
156.57778883561923,60.15414577632078,Female
163.94615569032962,74.41979731399687,Female
154.92576125304117,61.94742165012351,Female
169.1260763307694,61.35019242134423,Female
159.21229621620964,79.73532482461026,Female
163.20695793523703,66.04343383876689,Female
163.69972722927685,74.56746518593172,Female
160.44657015777554,60.61176446508169,Female
165.52016280885164,70.13633916601809,Female
159.15057806026485,67.16822137001539,Female
167.22778378474345,77.33640866094628,Female
153.92412191851952,64.37787723392154,Female
162.75827747727848,70.50803330618807,Female
173.63357399434972,69.50685439292488,Female
155.99801205236656,54.23081431637755,Female
157.9335301768509,62.352068624320616,Female
165.0834470979535,73.03514111009265,Female
163.0774906916376,62.04931492898018,Female
164.10378059564135,73.2376624799528,Female
164.935122780886,77.14354651543746,Female
165.80832881137061,58.424205673878824,Female
168.65819905173734,61.12740097208396,Female
164.45891194157107,63.77315486919655,Female
160.55245407228875,64.24382509757716,Female
166.0354422072164,61.82430083382527,Female
173.3992916093713,84.3586852887825,Female
161.20419752170457,65.6743452792021,Female
156.15282417197616,58.8094503427948,Female
168.64248401572183,56.005385927759185,Female
161.2777130162784,52.157693247327316,Female
148.9639827239158,55.127344742358986,Female
167.08453006290253,49.14052115250691,Female
158.78803088427645,68.1724151551444,Female
161.45680030617504,61.327075595453444,Female
163.9918819834141,90.70928764841322,Female
163.1429980786744,82.30552968807615,Female
166.25671090283424,64.8344592921619,Female
159.38708177658094,60.15975713084452,Female
165.0786347890565,73.54145790250092,Female
160.4427199344965,74.93333183591548,Female
166.43286288532502,52.86778356668201,Female
165.69220490407832,51.17648059587832,Female
156.38736778773242,54.132887913909,Female
168.5158926970502,73.11876032206334,Female
158.7842193293157,64.26804487289499,Female
166.84834678968687,75.74629832250181,Female
164.20372388040803,55.00668704020278,Female
173.02910206077073,51.050810299702434,Female
160.65920410576888,68.59127077042628,Female
159.9040992232908,55.01344538267086,Female
161.8834823646736,47.02592200789027,Female
160.18092130299434,62.69563664390697,Female
166.7996514116523,73.3934465431818,Female
152.30213634938048,54.82088876685586,Female
155.67790548512187,54.83659410177345,Female
155.59318247052485,56.944760752644875,Female
167.70184555184144,64.3707108374003,Female
172.26368023549156,59.218562633352214,Female
161.37330468877516,56.91585082537887,Female
160.98706966085993,66.25338567119509,Female
162.42031297867908,65.85865789472105,Female
168.97126981564915,69.96259333388701,Female
156.43588119485656,51.42720651771932,Female
163.4302138964087,62.64828949085062,Female
167.85118577869457,49.216646743094906,Female
165.00656501963908,66.80302375216206,Female
163.13748969959246,75.28143466854422,Female
168.00627655540285,55.25995725379882,Female
145.78060624200458,47.26912651028541,Female
166.06725191718544,68.91086200012836,Female
158.07554590123544,69.36267145908927,Female
151.01620261886126,51.66749543544779,Female
165.0672155971499,59.734683621541585,Female
170.24195127097775,52.43838339830757,Female
161.17530891223385,63.15207107398919,Female
167.71724728321763,84.74229313590953,Female
171.67366954793187,73.18471715618875,Female
169.88948672150428,69.07694278178802,Female
171.83978717622836,73.7226120038054,Female
166.45276494643136,66.40345884133193,Female
162.45260183340955,56.90119324425508,Female
152.388205128617,61.468698777880014,Female
160.5236250712203,63.588017743705386,Female
156.94052042810284,59.24293073153051,Female
175.02565630498688,64.55774975748287,Female
160.94468512540598,72.29716474960539,Female
162.73922884070691,68.8429433884078,Female
165.3089122562428,61.05198116467084,Female
162.26161467823474,71.10225919415221,Female
172.17030624258453,66.71748430153058,Female
158.2641038295933,54.2378877715265,Female
163.16764473142345,57.82900481538474,Female
157.5451764858117,46.38152544183432,Female
154.07986493267578,60.33586185324119,Female
158.3293854545683,46.39261763658761,Female
161.77777921770954,53.16765168024057,Female
159.42418665289645,45.17258325366629,Female
157.84547412075688,59.153131960689784,Female
153.562095217969,55.5317346790247,Female
161.50136656422782,60.04212441183773,Female
152.971677755814,48.841802125031336,Female
166.56033578213763,56.82547497120319,Female
162.49463851760703,67.04925538270264,Female
153.2546910032104,52.48955673682079,Female
160.14474553770083,63.98524473354839,Female
157.4870615664565,52.93839121310714,Female
163.91504706251507,65.94298824901826,Female
170.04270267613887,80.69994770958417,Female
150.74896518212554,58.53683060350603,Female
162.6901564748845,60.248667385296805,Female
161.03920322660016,64.24173043447601,Female
166.0280404587028,64.16654146611745,Female
163.27917976942612,64.04724324206839,Female
157.48818400956708,57.10327426488284,Female
160.0856763860003,60.242370692356786,Female
157.22384485917905,60.89925188751932,Female
168.4560428315916,59.64915949759189,Female
162.12786989203164,55.07422239527894,Female
173.40714411451805,59.642032258539,Female
161.63603511711227,50.160194189106505,Female
157.74955939853723,50.636220378397965,Female
152.91771364432304,57.23983825951983,Female
151.18116194246434,48.73218814622699,Female
152.49518434196705,59.39467259734958,Female
163.6027599060689,64.51681435082611,Female
165.0523501393796,49.29350601047038,Female
152.5128557878072,60.394864095749625,Female
167.3702298844567,74.04452583801138,Female
159.10163368989936,53.20459951074668,Female
162.8807580719133,67.01666154832861,Female
171.67332376953254,63.15940676209557,Female
167.38103589519318,68.06029885608342,Female
160.388816112565,51.98036938079794,Female
156.65284664750828,45.69536324769801,Female
149.08910759202416,50.79342096087337,Female
157.6850800845455,58.752062103818126,Female
160.73321856703384,58.92216566736361,Female
156.0769228370929,49.81111662678252,Female
161.21245819744618,59.256748222095396,Female
162.4611112977526,65.47696886108481,Female
160.65086410915154,61.59329110781166,Female
158.09998451505925,61.357969356349514,Female
163.01192803180038,58.43286384608418,Female
164.65164389741645,74.59403260349711,Female
155.45760553534294,49.473563094725044,Female
170.46559427847762,73.9907792210084,Female
161.40847120629442,71.76390128567071,Female
162.11309773766908,66.8651496114839,Female
166.24928653953936,64.65392114204002,Female
163.39929678758102,59.846839271338226,Female
167.71881980347948,76.25446617783759,Female
163.72274499121096,52.88941790303614,Female
158.32537575215738,52.865209548622936,Female
164.16902115123662,61.469092454319195,Female
155.13764275607602,66.69869110036291,Female
162.65135823465914,66.50719315071679,Female
161.80062005613323,55.22778861673758,Female
160.75129885636477,59.612755631190225,Female
161.22877493136642,57.59657583530905,Female
150.70890572701416,49.675149915355576,Female
158.70765055355423,67.84839984020728,Female
162.5570694068467,52.545110266254746,Female
162.9591383519844,76.55031510511024,Female
155.83394915444424,64.31600083157328,Female
169.5942470451882,78.44197800116034,Female
156.802950910713,55.5944858866428,Female
167.81674320316043,66.32309249884452,Female
164.5631661712301,53.351114965989574,Female
158.12263614093717,56.07123960224927,Female
172.65186535565707,75.95535769814924,Female
154.83817900946113,66.86154781954605,Female
167.51492504166,58.02653896335667,Female
168.00349390825787,64.64547691988015,Female
157.97627874554013,58.762841243278785,Female
170.35479180038598,57.49775523648946,Female
160.49972091240627,66.39436038943838,Female
163.73216177567915,58.51706211829996,Female
163.5619310326273,62.637858258852326,Female
161.1941475511767,58.83755252612352,Female
166.8648496389587,60.231833781225525,Female
166.76093232331328,66.68332587728086,Female
151.5088081605709,53.60701536029094,Female
169.82604145726893,66.00070940289396,Female
152.02504807178596,50.417099163465885,Female
168.19527722604994,70.60693552840671,Female
168.7602308209655,82.48055085085409,Female
155.4542014187088,59.012575800316434,Female
159.5351142722725,68.68928313098318,Female
155.36577198908438,47.865084235096944,Female
160.7104738182676,63.20924728736026,Female
160.15179429488555,53.1128459148672,Female
166.67796319361605,54.36632799629491,Female
169.86185247671764,62.847381606020555,Female
170.37410286473974,80.0449021784906,Female
158.6269918405302,67.56149250768559,Female
160.74466875753282,63.89692514338633,Female
151.8993708466743,44.766812669425654,Female
157.16477960102287,57.82735822616335,Female
167.78910979858475,70.11578976355463,Female
171.6934969412894,72.3011482257836,Female
154.59390676872047,44.13866289690725,Female
158.44521444508263,53.546327935019946,Female
161.84156545824644,62.35895079586452,Female
163.68096695291763,68.60990622743367,Female
157.14237888047012,42.995770956845966,Female
164.54436626678455,63.66279170748253,Female
159.1569639175745,61.881321898467725,Female
161.91328637473032,69.60019554637708,Female
165.2777054880222,71.23810680961007,Female
162.0385336188656,67.60445007448725,Female
159.38168465684058,54.8698996166868,Female
161.34234117644502,47.57488050082515,Female
161.46982224476798,59.49964757506664,Female
159.77993382070724,68.94249154651824,Female
160.4472236239974,72.54558798239948,Female
171.5918830230283,76.94143258980274,Female
165.36551668764744,69.15200443332984,Female
160.22711809182505,64.53846627839752,Female
166.1817264270644,61.671885187789,Female
159.99708306146394,60.43893317707769,Female
169.03874782551983,82.88548283274167,Female
164.21785315318857,57.09647706831926,Female
161.35618713597464,75.09859246248334,Female
164.68630155486167,62.47161350223566,Female
152.574743087589,65.12616633556979,Female
155.23939518654117,47.66728321360076,Female
154.83644996160567,61.75238050676533,Female
162.85765856858225,57.79195906089515,Female
172.39508999691054,58.709610178666196,Female
175.3878008771558,75.84280355367936,Female
165.82830660864454,74.3255131281412,Female
165.00506684966675,58.442529962397735,Female
151.19365359508356,44.582814132225316,Female
158.74395720159586,59.78480886733377,Female
157.27329748855055,58.71492527248815,Female
158.2749144104933,64.24305450658575,Female
160.99113708849126,69.58707021590965,Female
159.16745653381724,60.350697888997665,Female
150.12420113774527,66.6348588091582,Female
166.4874615367052,68.38798626727453,Female
155.56354184556116,55.564979273836244,Female
163.43548118466688,51.19272723750099,Female
174.44449601849985,70.63622898301873,Female
156.48369245048147,56.298003533319154,Female
146.81827486352202,57.94343950207598,Female
160.28397466871934,65.2227795357649,Female
168.60575780999142,58.16886696986886,Female
173.75008472532357,74.01388171357273,Female
154.6227024332855,62.19615871915812,Female
164.98019533941914,77.80151600565799,Female
159.20813725931967,67.58208474153716,Female
161.36430987417518,68.43563530444602,Female
177.8660600821022,76.49747499218086,Female
152.98217802962907,58.89487576421409,Female
163.52243796896744,74.19838429579936,Female
164.8061590305926,54.326670052634256,Female
168.5147179496361,65.17637379301247,Female
162.58789892082538,57.31676382787853,Female
163.84830323702462,67.48469323465605,Female
159.65010859546925,70.57840607068773,Female
163.61476164747063,59.45323362121909,Female
159.94084634701554,43.050612283668166,Female
165.7294313391363,62.52233986842355,Female
159.7823379837382,68.26935298154444,Female
164.26260236341312,69.10921776359406,Female
161.82442311789012,66.21303787031601,Female
168.756301504633,65.95670163921301,Female
161.6916376584691,52.71428053204953,Female
151.3618051907587,58.52662966985756,Female
169.57152900428395,61.814000522055494,Female
156.56560619482428,74.892184446125,Female
158.07740196810707,64.24914585585462,Female
158.42603223573906,55.86506443151174,Female
170.2466285590249,64.2452935581024,Female
149.18595471612784,52.794895402289995,Female
180.82649120195995,76.1263418537014,Female
168.3363408543963,77.50345380425361,Female
163.33943348477496,65.52351146432417,Female
161.67063599630228,56.992862678168756,Female
163.71332444914594,79.52523345071957,Female
165.12673457027603,65.84375702085555,Female
165.87129351570033,72.37787820099543,Female
165.3336267960207,60.61670010394356,Female
162.53748408753148,66.28212480516149,Female
160.81596947815603,64.48201956842888,Female
161.09236029807892,47.570452425350126,Female
160.8305503178839,77.7179316838861,Female
168.80262058120238,79.41919202456974,Female
165.56134033368517,62.51913428617861,Female
144.35766819201433,43.122822448017516,Female
165.93540465917857,68.95392712488467,Female
163.16841716831266,64.5899077724345,Female
161.8877474613246,65.69471609280632,Female
159.66888928146668,62.651201194698984,Female
168.7446763199161,72.66396596772714,Female
167.68515877273714,79.69268810400997,Female
157.36273399305836,63.6516591414395,Female
164.4423137227472,56.38385214565945,Female
156.1700595927523,68.50330942880251,Female
153.7222910112664,68.34388638448762,Female
158.2396966524602,83.77358640807235,Female
167.17436083429655,57.65386431974124,Female
167.71875027225653,69.56064070996172,Female
165.07851252058376,48.38046809086078,Female
166.35057472108798,71.00614118816667,Female
165.09706972268975,60.9342061980962,Female
158.1511104286623,74.46089425208548,Female
164.59153526804366,58.72151370379968,Female
166.8024571513661,52.67587114933691,Female
166.52574797888144,62.63341971591121,Female
169.13348022884784,51.70140147312785,Female
166.2498230832064,72.56150099554372,Female
164.1086892452495,47.951153015547156,Female
168.42090142989858,68.31960500207411,Female
161.84087244450564,46.53501730814561,Female
156.7087520926337,56.578592379166516,Female
161.02159821633742,75.00992272807756,Female
157.5305841311613,62.24306282105251,Female
