Height,Weight
178.4769991,73.18295142
174.0321499,74.40485369
179.5338198,72.91850414
185.661209,82.99057333
173.3609264,58.06181229
173.3610413,77.05822857
186.0544897,86.55320157
180.3720431,73.36021825
171.7136793,79.54544293
178.7979203,88.91360926
171.7560762,59.52339724
171.7398917,66.98759954
176.6937359,70.84774747
161.6070383,57.92789885
162.9255752,72.96731658
171.0639873,71.45564561
167.9101822,68.2472673
177.1997313,59.62313191
168.6438315,76.52338279
165.1138741,58.02085996
185.2595414,86.41983028
173.4195659,77.68844358
175.4726974,89.5453448
165.0267627,57.3913224
171.1893209,46.71770806
175.7764581,78.94754793
166.943045,84.72901398
177.6298861,90.60845163
170.7955292,74.7625815
172.9581438,70.37418065
170.7880537,79.98417922
187.9659473,78.00902748
174.9055194,80.85166441
167.5960235,74.48042624
180.7578144,92.07566338
166.4540945,92.20595559
176.4620452,81.51294844
161.2823091,61.05821211
165.7026977,68.43279891
176.3780287,61.26265686
180.1692661,74.38709361
176.199578,73.80371765
174.190462,71.08517575
172.8922741,76.09559173
164.6503461,61.08566486
169.9610905,81.93181803
171.7755286,73.76891352
182.3998556,83.0814426
177.405328,75.5857113
162.6587189,67.37645106
177.2685878,86.33878458
172.304424,66.49881591
170.261546,66.74904462
179.281734,77.42614723
182.2169967,69.60148532
181.5189608,74.27468197
169.1254773,67.422103
172.8355134,82.51624287
177.318844,81.08156493
181.8288159,84.57442025
171.6457803,81.17650142
173.7003872,74.186134
167.2556552,73.21304779
166.6265536,68.55125367
180.6876808,84.21916296
184.4936802,79.14402766
174.4959291,53.84433503
182.0247303,81.49778455
177.5314522,92.24594496
170.4841617,80.73821684
177.5297692,87.91992474
185.766256,99.07008293
174.7492177,77.15543149
185.9525056,88.49269039
156.6617843,56.8095933
180.7533175,78.58140738
175.6093295,82.79345431
172.9069485,85.53972445
175.6423254,75.83498146
161.0870176,61.36797605
173.4622968,75.22768677
177.499788,84.44795432
185.3452583,71.00199717
171.3721085,53.190451
169.3405448,66.9543555
171.4877007,62.75045389
181.4078148,77.25530368
177.3012578,77.19566509
171.2916786,69.36249127
178.592872,93.63665083
175.6795428,80.18358112
181.7805149,85.58906547
170.0856283,77.72277414
172.706365,64.37816174
172.2552429,83.42938835
164.7553954,67.24387928
177.0728419,84.69381234
176.8273869,68.1153865
175.0357942,62.31282423
173.3578901,82.50639619
165.0924048,71.2165245
172.0554827,65.99666908
172.6009984,66.70529445
169.3840591,81.41433985
173.871,64.79063386
177.828356,94.64114718
188.2033013,78.98108023
176.2220447,83.58294948
176.8028527,75.06641184
174.4788786,81.61602629
161.5686015,60.99989948
174.8144029,74.90769958
175.4216115,77.30961299
192.2426948,81.28170543
173.6534732,82.09080689
177.1108314,73.59103358
174.7570176,74.25560454
166.8192537,61.27023432
182.9997597,57.97935016
180.2635312,79.37512098
180.5372236,105.0750339
168.6342878,77.78746832
184.8195602,85.19830419
165.1870426,66.06486596
179.1079997,80.41539842
190.3331894,96.51290724
168.0662457,60.6095926
171.0359159,82.91248219
175.6975596,83.79914856
171.4756704,79.84500344
164.145356,70.90349208
175.4799408,77.16424203
167.563874,75.86183874
178.315147,85.13597758
168.5640304,68.01668481
185.8495408,80.40645908
169.517227,72.71831109
172.7455694,88.46988721
180.6946205,69.48910798
166.3839498,57.02112388
176.5922195,79.50344076
184.1499993,85.29575484
163.7476174,68.42756316
176.292437,79.97210651
176.8191796,76.06902861
180.4727601,95.98368495
166.341345,55.88477122
165.7568037,61.85932918
178.653591,78.80408598
177.0788927,62.93472656
176.75345,76.45625368
177.4251375,94.38996296
170.2398269,72.63559385
176.6257759,80.1507914
177.0515073,66.51728583
169.9995401,66.90578457
188.0604216,84.43596557
178.3168304,76.46152426
166.6608755,80.11924132
179.5958753,86.03313977
168.1772283,61.27814725
180.5095922,83.86889449
183.1101691,88.83484805
169.2552238,81.41699493
181.7436329,98.23880264
177.8894665,69.47496185
180.7544211,73.7326618
188.2775509,75.24733988
173.2822832,72.95881745
169.7238468,76.04566204
168.773399,79.64825774
169.289328,70.99419014
174.460288,73.17047886
177.3880638,80.09890197
176.9368356,70.42295308
180.7902827,102.201867
175.0910132,61.85640418
185.1747385,87.62461829
173.1474022,93.15038542
194.0411842,94.20676117
179.3796714,78.60819671
168.9998971,68.33971717
167.5037525,68.6253655
178.3773069,92.65073782
173.4357605,55.2400902
179.9980035,95.90284805
178.3126634,65.9059261
174.4901976,73.68145729
169.072444,67.78267948
164.3960694,72.33705325
171.8743953,59.68905415
180.9947916,86.43989663
176.4986562,96.79769087
166.2798285,57.81534165
176.2122665,79.39406351
177.6972217,72.6698716
168.8129979,74.88562883
176.0760757,77.68505145
175.407461,70.99830554
166.9992079,73.80368094
177.5045115,95.82496878
178.9254917,78.20233175
182.5813587,90.53802634
182.3766144,70.24831908
165.3563144,60.51130785
168.4352247,74.94677237
178.6052469,93.9525021
178.5965017,83.14464481
178.6053338,76.75371046
201.9691204,101.9701426
178.9962336,68.08034063
182.9489595,89.74580119
181.6780123,91.25417421
179.5597388,76.23140122
172.7931153,70.43337224
180.3127845,83.87507643
169.5902235,68.13398132
173.3422698,74.52271944
171.6024552,92.16791242
175.573119,74.78036191
191.20261,87.46598827
161.9291437,60.45885156
179.8038213,88.04132255
163.7109889,65.54610735
171.6964769,67.95620763
182.6226542,96.59764119
175.4499601,90.06648041
167.4557866,65.05257863
169.992874,56.06239834
179.7571842,90.54824296
169.8874336,66.22646779
176.5152101,85.28425197
175.3190029,58.67550373
170.4387976,80.40228007
190.0076086,77.13918577
179.4374332,87.55317847
160.8240019,64.77164809
176.3051802,68.81325389
170.3674947,69.0184293
180.9670333,88.61555466
169.4523548,72.69745059
174.1968449,81.181475
178.534911,98.58632984
181.0602864,66.57298946
166.5979252,82.85282845
172.6584913,75.46067162
171.6753828,65.73428578
170.4266954,61.0213553
187.3581797,85.76610585
177.834872,87.80732649
166.1738123,67.97770743
181.4250336,97.20952584
189.8550934,74.42012183
182.2272568,82.89650234
164.3644102,57.38887798
171.6103615,76.83799078
183.868378,93.51400615
170.0463137,68.63937934
178.106736,54.52175458
180.4224384,83.32350399
168.5114867,74.71080712
174.5833225,79.89513201
152.3111286,66.5972544
167.8292865,61.36626905
173.2320229,81.14718407
166.2655177,79.00033882
186.4268791,68.34301971
164.9890104,70.66384237
171.9196886,69.42042921
175.915184,76.60853603
185.088913,89.21796477
164.9489649,64.04342462
183.1421463,77.05342767
175.0716314,76.93922259
168.1294394,61.4486509
178.2347243,69.07081935
176.3934179,84.12813077
170.7984819,62.87647579
175.4886146,83.14661331
172.3028048,78.34070007
175.7946214,61.25920295
179.6349147,74.11251679
186.1021177,98.99203042
166.3352915,61.02467464
189.9312336,85.15882558
161.3353854,68.68087613
173.9375043,82.7459075
179.1182204,77.78728019
176.9669431,72.67952574
170.6411034,85.22109986
173.5431442,91.00430593
171.5489935,82.21470375
170.8744467,73.74252904
180.9472147,73.91549095
177.4991084,70.91565584
170.1496328,76.91541958
181.2971991,86.2973445
177.1510966,91.6519826
180.6900348,87.99316352
179.4074019,65.95363878
169.1970349,80.60352381
171.0787327,64.40648056
180.2310552,77.46629466
179.2725919,82.75898545
174.8536888,94.73908035
175.8212917,106.1240083
183.9436543,90.74676105
170.8590003,71.37758838
178.8296817,85.07819363
173.5846514,83.35302981
173.4762316,72.33995557
182.691438,101.415583
180.7779144,83.95729476
180.6945675,86.50178897
184.1383517,91.54116598
175.1470269,80.57104067
179.7736708,88.93043965
172.8281327,69.14278367
177.2691645,73.29760964
174.0889986,65.76474308
175.6789718,81.22706407
179.1660992,87.75250102
169.2724552,75.56790255
189.6467109,107.9820631
167.9578783,70.47726338
166.5006797,74.86794328
183.1067761,72.8394346
180.5416389,77.70292106
179.3688387,87.14624926
179.3984186,88.65767932
174.9142726,73.78933102
168.7192194,70.55399044
175.5306319,62.9973432
170.259868,69.36614263
181.8258381,91.48257848
173.9705983,80.88712937
169.2215196,75.89091423
172.7502991,75.05227846
177.8905202,79.1796471
171.0539281,67.35242654
169.2444572,77.61432237
176.7058105,82.00581556
176.714766,82.6797167
171.4513978,68.85002442
171.7027319,54.65922456
176.6243496,88.25848789
164.8634096,64.04542702
165.1477536,61.12510423
169.9708905,78.23566229
173.5058699,71.72033896
177.176353,88.46053532
185.3274935,92.22325734
181.0036174,88.62436666
173.8804303,63.19635303
174.8668865,87.5638726
167.9822944,72.75672238
174.870408,73.06143826
172.9793895,76.09180829
177.2590299,61.80870897
169.2093834,75.08968013
178.6354256,69.92217474
185.7291724,72.24007316
174.238679,62.03254881
177.8119821,89.59674661
179.8310079,74.74301774
172.1914567,87.76720534
176.5686474,72.92989585
175.0881468,60.93749036
175.6837327,66.8235525
169.5889315,82.56374729
175.1715712,75.27757402
178.485988,74.40304251
185.1580053,87.3545121
181.7148958,87.52146382
190.0722772,102.4293143
169.6285671,84.43829711
181.1062445,78.45861299
176.283394,65.3271758
190.3286205,86.06912886
169.341912,73.93090239
169.1219471,63.23588527
170.8042515,64.55802806
160.1327299,66.7509013
171.3197148,72.94772129
169.6860714,72.26670778
176.0527565,70.43366096
177.3922918,76.49498636
188.1331959,78.67152854
181.6529669,91.30687777
170.9616744,82.14718268
168.7110973,55.39393178
178.4434342,70.72588607
165.7583676,56.35407313
187.8202114,81.31192199
183.2560808,83.11635394
171.7157704,60.89235986
163.0080583,59.08047312
184.4771066,74.82956335
174.1982211,77.74940996
183.6647142,85.03357017
163.8390064,61.29592205
170.8043748,74.48291493
175.0367059,71.56989056
175.3288642,74.34530592
171.8495417,88.65691163
179.3599495,93.36176493
167.526657,59.22105729
174.0033436,83.22949221
175.8420694,84.82770338
178.6010718,68.75754833
179.9813041,88.94004015
167.1275054,82.71607877
164.2612008,58.36789089
183.9437378,75.27505206
177.3261981,88.2114327
169.7605942,74.39388766
185.8580638,92.0729796
175.8097224,80.43083387
183.2550803,87.892216
175.4726294,64.72372996
189.4252355,100.9787306
187.2873859,99.99897208
173.257251,72.97942696
181.8009967,82.19791111
179.5176316,65.76374262
184.5804209,90.43101679
168.2455358,75.62429431
179.8023602,80.21905191
182.4089714,94.40577601
162.6888236,63.51646121
166.7171904,74.19445636
160.7253748,56.67942683
173.1141522,74.70952734
180.0227958,79.32536485
185.5164994,88.36721319
175.5186635,73.60182027
186.4003088,85.49228026
165.3392898,75.11721734
163.0763229,63.0001401
174.6111661,61.52774096
177.6884581,95.50495293
174.7711368,89.02130944
160.5279053,54.43284495
174.3761597,82.3092056
165.8687135,64.62965782
179.6877078,83.27139754
177.5661877,81.60742162
168.4208415,68.91921567
171.4029316,66.53954518
167.5855053,64.39412075
174.5612463,67.80371383
181.6859962,74.28701735
168.0999177,70.07446699
178.5283256,72.83701894
171.2881967,79.35246571
169.4498902,84.59427122
174.2507875,70.62463674
167.7533037,72.37406418
171.1244549,77.59871816
166.6148548,73.33218166
188.7530759,89.88114317
175.2468449,83.62129925
170.1019214,76.52277257
176.4978594,66.31222572
174.2137037,83.78981041
173.4532128,83.22355675
179.2991669,73.00899783
180.302554,81.64252387
171.286492,79.3621254
170.9692723,71.24072641
173.0746381,84.52933852
158.8865518,81.0150841
164.3936626,61.19074382
184.5681199,71.04972992
186.514774,90.1401529
173.2567477,81.54268905
179.0358987,77.91458555
177.1787511,92.16713729
196.5521657,81.06767606
182.8370244,90.52259517
174.1045769,70.27147988
168.3112169,85.43396894
163.7548758,83.06833222
176.4242455,70.65501176
169.7055448,67.2517608
165.044224,75.12343772
170.4739898,69.27828759
167.429164,69.69941504
186.8099914,87.51073358
181.1714783,63.15487156
174.9441915,76.38662214
185.359609,78.78612333
175.5415782,72.47846305
168.9710106,83.74323492
185.6618685,73.1821616
178.7723703,87.69580504
167.7392769,67.98645333
173.6676293,72.86980624
168.8706722,78.05504252
165.3204019,71.11525397
181.4832428,87.97856014
188.3659165,99.0101529
165.210027,65.52302815
178.9407847,74.16840089
170.445502,63.17154267
171.5901223,66.3171144
170.8532425,98.80303084
168.9520646,82.0207393
175.3396514,64.39875698
169.1833492,60.20169764
176.8931978,82.75145924
174.6483332,81.26290862
173.3273637,80.0528697
168.6470544,68.92914964
170.9626007,71.97048601
180.2877386,84.45635793
178.5064203,80.48243763
168.1571133,51.86561322
175.6953261,75.04402413
180.2597099,72.93433892
163.314163,68.08073586
178.8035213,108.5589934
170.3616337,75.7573512
178.9941907,77.08375496
169.6571859,79.91872068
162.3658253,69.72413423
163.6072029,70.29173283
175.3365946,82.45421157
176.8180575,97.45068295
168.6697836,61.471778
179.4701472,85.10047486
163.3693596,59.30646112
174.5374414,81.23512373
166.5228866,61.68216166
170.4371472,68.98484872
175.3317907,74.13166339
168.9771064,79.74198154
172.3081112,82.40591016
182.0440497,70.46515443
170.9617569,73.5514888
180.8498448,74.80426843
167.092052,59.25824042
178.7086292,77.76268806
185.0909803,82.4762144
157.6984885,80.27690094
169.4217332,75.48757697
179.0395049,66.88994244
173.5786823,70.21897988
177.5980211,88.51729541
170.7721037,91.17942527
175.6061285,62.42144692
173.9102594,58.55457689
183.1744744,102.7151057
176.7809459,81.78156566
177.3632186,70.44992768
172.1168612,78.81192473
171.5867564,50.32452013
171.9720927,73.96595023
177.761165,82.10522895
172.0531086,82.21382935
177.028424,68.81529255
189.5278056,90.72535787
181.0978729,72.88590909
172.7178353,76.86416692
183.4084975,75.06121264
172.1434724,70.45541614
160.7331283,56.8697377
167.9433958,76.02204673
161.9044566,72.28342003
172.5394056,72.32923072
175.1289287,77.02718355
186.7350612,72.02125026
177.2884916,75.75226332
173.4662963,74.77318443
180.8058391,107.4295873
159.5220528,55.12925069
176.6493019,91.71932428
180.3960564,91.08899679
164.6498963,70.05635208
183.0062783,101.3977895
177.3694749,82.16175023
172.0929846,77.49758945
179.4294731,79.9742747
190.89485,104.4784741
176.2730638,87.90139364
176.7375441,72.22727208
171.7844737,62.09550554
169.0510894,69.70542639
180.8123507,73.88604171
169.0074132,70.86441894
175.5009637,88.43561735
171.6563979,69.62235328
178.3528588,79.11569537
177.3356347,79.16722679
182.2627796,91.50469319
171.4298852,53.66090018
173.1108755,69.46407339
168.148654,72.47707322
171.8899472,84.50270013
177.6411035,74.23410863
180.2989203,62.96852757
168.5448427,76.29972062
181.0872414,75.73091922
184.489465,72.94332898
177.8940443,73.18826275
188.1375707,86.52993998
169.5834756,66.67891315
166.2874171,50.83259639
162.5489583,73.16613858
185.4723102,99.15664656
179.5805596,86.92625794
174.6109073,65.81636345
176.9597804,76.39401174
167.1215767,69.76941211
192.1202639,98.90597491
175.9045483,83.56004491
175.7657636,70.4296268
180.0803664,81.87005453
178.3670646,83.90151108
176.5671882,91.5559326
169.4666788,77.8671956
178.3002785,87.0029411
188.1741715,89.41427519
184.4179403,99.41584659
186.1523064,90.89151679
171.4214903,65.87231328
168.0727663,82.51404683
174.1194916,82.14161847
175.3900744,72.8155622
182.6593406,78.61168326
163.1527476,68.91539485
185.7068522,91.00974849
173.8939447,77.38754242
172.0118325,76.7334832
167.9152694,84.86820789
163.4160033,75.34657583
180.7621941,83.55613074
175.5132258,85.7113224
165.9702737,60.33271754
165.9344486,72.12258889
172.6495071,90.69909169
186.6831507,84.84678786
173.1828605,67.35400983
164.4779993,62.34024005
173.2797986,65.24956141
173.090935,67.84762836
156.1217935,58.22580509
174.6199359,63.37268875
173.3834583,75.2954137
179.8734446,89.64394629
187.9426927,78.68688607
182.8859552,98.8629526
173.1177792,79.51690939
167.2543186,78.58385835
193.0135186,85.78341229
175.414529,84.81383075
175.097505,66.60451561
174.8311244,84.57817586
176.3865933,79.3844673
173.9894771,80.70530777
170.984366,62.77835057
171.1719874,65.38199975
174.7707271,81.83468384
171.1960266,64.93192119
170.0100795,76.27504264
175.7450116,64.54802049
173.2151595,82.64318501
185.5279509,73.32428622
156.4432113,65.2413718
182.640548,89.65478265
183.7225963,77.32933182
160.4862684,68.88678119
172.6011868,76.80558815
172.3999139,69.49973211
165.1474181,59.93207809
169.5552832,54.94543084
167.2259691,72.84465106
187.2658931,71.20869409
181.5497488,83.34355053
183.9008857,81.87593046
180.0517044,87.6516014
167.0966376,67.27316608
171.3283581,70.48239134
178.4256219,86.57914182
166.4451053,72.04466431
179.990989,84.06461855
173.3177222,79.32648544
172.3762543,60.59573231
179.9767198,88.33313248
178.1098432,85.13661622
172.4732368,65.29455634
183.1153086,81.37274609
167.4325567,69.75357446
179.3115492,79.08425156
179.1517088,83.45294114
172.8331749,87.50530458
177.2829312,88.77282528
166.242205,58.21164459
181.4681891,88.47231992
173.705685,87.46379919
171.3409389,76.80103788
182.3430646,94.00468322
170.0695942,89.76983915
165.1407709,76.5541061
164.1035958,69.33913878
179.2420697,90.39219166
166.0369945,70.11900154
187.2835593,87.93934965
160.4264941,61.62838145
186.8751946,103.685261
176.4771223,70.21365111
174.3230082,89.94119011
171.1855664,77.65572554
177.7939528,65.75681416
174.7365571,79.69977675
182.7231132,62.43480098
175.7995935,83.06323358
176.0521123,85.71701697
172.4547145,69.06645986
174.6013806,77.34403455
177.1546124,96.85803215
163.0288213,62.41341046
165.562702,59.81980337
180.2028487,95.61691299
176.1960581,95.89121295
173.7121166,75.47320474
175.1290375,85.98197541
177.4330719,91.37614019
171.2216822,66.76196829
169.5518669,67.68414123
176.3709168,89.25328409
168.1513906,84.98030345
177.8577693,84.42521351
163.0819148,59.46949085
182.2040895,102.7859588
178.3081824,74.42004374
176.7922081,74.99624399
181.8788369,86.09712983
186.6583211,103.3480264
182.1005905,91.39707576
162.1138804,68.97318842
166.0429612,72.7575587
170.62627,73.16336699
175.1826374,81.86100685
178.6236131,55.5532449
169.9197933,69.61267972
176.3073674,79.9611156
169.7123195,62.06013245
170.7193754,76.24059294
165.1533723,66.51596617
168.5373673,85.97131452
165.5382078,81.4388354
168.1688872,66.74993388
182.3754926,81.64695493
168.3542078,70.22907635
193.4266745,88.46519616
178.4532253,81.47708763
176.2938529,70.628693
168.9914955,61.7088375
179.9021692,86.95815165
170.9705352,78.59782919
175.8540687,69.84967785
192.9205918,103.0429836
174.3275807,70.21714936
183.0449133,86.30832453
170.077765,79.43500646
174.7550806,76.04039382
187.3956044,92.58353776
170.6112306,68.26078004
187.6871399,85.9899094
179.9542635,78.95890548
171.0627326,66.60213083
179.4268542,78.77766999
181.8078811,67.27880626
179.3526697,75.67871157
164.008427,64.94807068
169.9100398,69.95482565
173.2673696,72.87891281
174.478966,75.54318935
179.3447047,85.03761008
176.243907,85.80403934
165.6525895,63.25293154
177.661385,67.51572576
179.2741002,70.30086445
178.9185331,75.35072494
182.5654651,79.80649561
180.8374551,74.20129672
178.2142606,67.05128162
174.50884,71.96621797
163.3732735,68.17979414
178.0073275,84.87286139
176.4538138,72.63310239
176.9010519,74.35765143
166.06276,61.27547725
167.4326042,69.81978572
182.37207,74.68341782
174.7231139,81.56937875
179.7705049,63.47919909
175.1982286,73.4244611
175.208293,79.51787786
181.5679866,84.23547253
171.3876869,97.16568862
175.6728454,80.39091974
171.764073,64.87048618
171.9585264,73.07748127
172.8357951,58.76240805
176.5549364,77.17538587
171.6487596,66.29486839
183.7902929,93.72343461
168.7377489,66.48704599
173.6918985,74.36538009
171.9218826,68.25725385
185.1288452,103.560257
176.3758834,74.77312107
182.2229118,101.2680952
164.6010774,74.35125651
176.8693519,82.73103349
181.2274156,85.74157282
175.5759879,80.70918707
182.4583626,63.9753596
171.3789808,70.96958293
184.8654321,94.10310985
191.0922869,90.75499254
172.4601301,61.81808495
171.8814824,73.3936507
185.1736913,103.2530134
186.057005,99.49219617
171.3399798,72.84738896
172.0586923,82.46055055
173.0275077,71.55449293
165.5888464,54.53328817
168.5694364,63.15834526
167.9710146,83.76438024
169.625417,69.5668923
174.7572058,74.12031251
176.6395031,75.19716345
185.8535034,106.0853462
168.0115217,84.33888634
181.8902568,104.732045
173.5020781,73.82110774
174.653754,78.96514744
179.7237364,66.05500455
167.1409458,82.21817392
177.6768682,67.86295961
176.1651655,79.60364842
178.4471588,69.12592205
177.0241805,72.80780627
192.187101,83.0621966
170.5358201,67.40261138
171.2830213,68.59966939
170.6380163,68.00409407
171.1116602,80.51780575
170.5382901,63.06835138
183.3231157,86.24195675
184.9435297,98.00803533
171.0047759,68.60441954
169.173511,65.38521006
178.2999089,77.27857113
171.1344387,83.58267254
179.4305227,82.36308796
176.4204611,72.85036512
164.3897912,71.48289391
185.8325364,74.9144506
187.5711437,95.14900288
170.7104792,76.42746779
172.2860891,71.46528407
177.0010577,70.44172555
177.3411975,70.25894286
179.6098099,85.82512099
189.0714318,102.5500966
173.7613694,69.70986132
169.4119193,75.6977603
165.3447654,51.23012708
169.8834897,67.08930972
174.7681112,76.07513351
187.561905,78.3480169
171.3767209,65.17339899
176.5665157,71.69378069
174.8850397,79.14293764
183.3187529,82.12581242
192.688527,67.89127318
171.2839186,54.68020659
171.5739239,68.23463003
182.3091261,87.65512988
179.7732404,54.15754197
187.9269513,82.99672546
179.0874973,75.11743048
172.4849554,86.76900566
179.1345838,76.51648532
182.7609251,87.3416177
180.7433753,83.05480284
178.5509182,59.32406308
182.4667228,90.90829385
183.1850691,86.06032715
184.6751129,90.46257828
179.5409692,118.5560332
173.8301734,56.64967505
176.0269958,93.49593623
183.4455628,81.2287074
169.2814503,74.11065072
177.5807132,78.40670685
172.2466283,70.39626469
175.2012138,71.49127719
183.949163,87.9381417
176.3376935,63.58450865
175.3250558,83.76877582
165.481007,65.04079346
180.223775,70.18992053
179.5183893,76.21638087
190.1427831,104.0210915
172.8455524,69.89092776
176.5340523,81.26196282
176.7456858,71.24728247
186.042173,94.39911216
174.3329313,82.2301067
176.9531507,95.64636733
179.2552756,78.63874444
176.3062639,83.94506615
171.8749647,74.72161278
176.35863,89.84731957
182.5154222,76.09600106
167.8143929,76.6983544
175.9307877,75.57124486
170.0991543,71.77714486
183.3653264,84.98260113
164.3376917,69.56085986
171.0875471,72.1567316
177.6404831,80.92300897
185.9586682,102.8232589
174.5397482,85.16656756
171.1136033,80.8342819
188.1680995,83.67926583
164.8639027,60.69936793
159.6083583,70.98790534
178.0801012,87.61580213
171.4856204,86.5104835
167.8513703,65.33022627
179.9584951,78.73246583
176.706605,62.70508243
171.0514496,69.70154967
166.0378692,77.16364339
181.1072013,77.40925679
179.5514082,86.79124288
174.305769,74.21986448
187.926459,91.72423877
167.5094066,60.48744329
164.3213238,68.19397846
170.1566435,46.40224615
174.6808979,74.57268814
176.7033761,62.78719822
173.3113476,85.95933124
177.4643878,86.07903127
166.239224,72.95770194
185.1063522,101.2957963
174.4249418,67.39918273
182.8210708,101.079781
177.3990774,87.47702324
178.1972725,77.13217785
178.988371,91.00659559
178.1339599,68.79789449
179.4990593,72.58004855
184.3040677,78.71820266
176.3756482,72.83423302
179.9630263,70.70120537
174.3718501,87.17040642
185.0808205,82.97716503
170.2652539,75.54140456
187.606583,81.96830963
174.7188943,59.64363122
164.9845743,70.25505546
175.8967309,59.59979426
170.2326384,71.85119102
180.8845048,68.36695653
170.4316321,89.93463984
171.876716,81.93094913
161.7732149,66.25672383
171.8338558,85.01117732
158.0328447,56.09508497
163.9126802,71.54897479
180.3229026,83.24000475
180.5006011,84.03173677
177.9782029,91.28161452
168.231167,76.97355101
174.6660205,78.9130802
174.9747822,61.34053932
166.8914472,61.60990754
185.5237881,84.78063146
181.141536,82.94976767
173.4532508,65.0140725
175.1882009,98.93222676
176.4586797,92.00925538
160.7078559,69.23281305
173.2697583,75.70483891
170.2261103,70.59757229
167.9886599,62.49147876
173.0322979,75.54637445
187.5838057,90.69012488
179.4859,68.53690554
171.0017471,76.03554944
179.0080795,78.61720001
170.3961326,53.06575352
167.5478021,60.12755131
162.3577822,59.99331998
158.1183793,74.16187517
166.1893399,70.89676703
164.3609123,54.01160893
167.3711593,71.31606761
165.8110308,53.22176818
168.2973163,77.1774061
158.7885887,56.94950311
169.9043644,68.47107069
163.1855976,74.50250042
174.4515652,61.28822739
157.8648731,49.36575554
172.4157828,66.14065265
163.1874647,72.20801167
158.091492,48.59113921
159.096685,40
160.0779162,58.03157867
164.5449957,69.4616573
165.1370129,75.26798458
158.5578,56.84413922
161.8538724,59.6386196
174.8536222,83.96082937
172.365259,54.63859226
164.617942,61.87919527
162.2280209,64.66650264
162.720188,67.11516803
165.6811078,61.68225757
155.8632446,58.55504872
160.4557408,42.57113118
151.9884956,50.87944589
164.3953387,68.53892021
165.8831756,57.93234444
159.1008812,61.19933886
171.4439206,74.48372239
154.645406,54.93884389
153.2137507,57.53915134
163.3467109,56.33082329
168.2825898,66.21036277
172.1035661,76.50944447
159.2466944,62.05705044
168.472085,63.12459666
161.7689492,64.56633171
160.9642362,67.73731637
167.3019596,49.96254615
165.9139373,75.63774364
152.5416471,53.49820099
170.8592421,73.78929651
170.2805481,80.00353557
158.2466238,49.79595213
164.3748212,59.09526307
164.9641811,62.95593615
163.5640426,57.917297
158.6981691,73.55263125
157.9702598,53.47692492
161.8466756,58.50077591
169.0363741,70.32793033
165.2616009,55.69763738
159.776314,58.23799223
166.6301923,69.28177642
144.9087443,48.29963083
168.8925942,67.66015023
151.5617173,51.48251088
159.8253544,49.70019109
155.2819806,60.19630869
154.2319111,69.61358967
168.9649607,68.67558441
159.1937928,62.53503062
164.0790233,70.20745132
161.7184765,52.80788858
164.862245,79.11302325
162.4609313,64.94658293
154.3020467,68.79781565
167.9776009,61.51445656
159.0374605,74.49821829
152.6605086,61.35210746
159.431309,65.22123018
171.0045587,72.23518405
167.1013305,64.93296259
159.9080872,70.57892437
159.9044538,62.44331915
160.0701897,46.37356475
174.4604879,62.84654748
164.2916127,63.27527189
164.5802499,67.52703176
168.1817007,67.40401964
163.432735,73.87232885
160.4457471,46.71474102
160.8219009,63.18695504
161.5703924,48.41448033
161.7766666,68.77694201
166.3657773,65.64185607
162.3116753,66.54458934
166.3958405,59.27453427
161.5157005,72.62291555
162.4718111,71.60256433
150.0107959,57.94726438
167.497966,66.24326071
164.0789309,69.2958065
167.9880607,61.74342241
144.6224677,55.56593253
174.5302482,88.17929413
161.1624622,70.67821354
168.6490969,62.03652354
155.7605644,60.85779022
165.6766434,55.22846467
155.6795066,62.32841523
158.2573862,63.49462357
173.4841881,55.34960641
160.8559056,53.08087821
163.3045972,61.73888187
167.2204064,64.58654231
164.9740913,55.44418109
162.9025134,66.78607459
164.189766,66.73365897
176.4204935,72.88411643
161.6542872,56.79193292
163.2065943,72.30747416
168.3039264,82.05033159
168.6331556,64.12380695
169.1221818,63.39273291
165.8323813,70.05342792
155.1419705,55.18044837
171.8005892,69.60275086
155.1219276,63.09019036
163.8158128,49.03386263
157.4743449,69.3230516
161.6151699,63.25622444
163.9725745,61.20966693
163.9281433,63.77446506
164.5315245,64.66437593
171.6822676,55.43147825
164.7212058,77.28806315
160.5350602,62.17112045
167.784523,71.30532256
169.1368229,76.82380659
154.6343531,50.06293501
165.5844004,69.69818806
166.2070365,64.08141173
160.214619,68.12559555
170.2542409,51.06934823
161.0996665,61.51590473
162.7534587,58.78247344
160.9615691,65.54050594
162.0934743,66.76333038
155.4223495,52.84661013
153.3596947,51.4211433
171.5670304,69.66735149
156.9182319,52.47249997
156.0516459,64.59630429
149.0796593,50.87772683
158.1662295,40
154.0614612,54.2949282
171.852091,61.67810042
168.0589025,53.96308155
157.8710979,50.56366005
175.5146148,74.94402291
167.8905929,78.88462269
160.0510117,63.88597394
147.0035657,47.93214574
175.7456554,78.35207529
153.6625652,53.41720401
152.1276075,50.72024043
168.1354226,58.05686512
176.6385144,58.4850657
170.3056369,66.21681859
165.3834547,66.94095791
165.568526,64.9964268
167.1204934,63.54492786
166.5535715,58.70569639
163.6871485,69.19346836
162.6252066,53.02245909
161.6244412,68.77543145
157.4762125,52.06089694
160.3159495,55.88134144
151.8422591,45.18908063
161.4099622,58.60868668
156.0684534,65.58448074
155.3784641,61.6764813
163.0793649,71.6340156
170.3520137,74.19328361
167.5098996,58.05241047
152.5769964,53.56116945
156.0622312,52.75238476
167.6446271,78.66996135
156.1050756,49.73581811
160.6522011,68.8615792
165.3003126,72.89783728
156.1899333,71.93894612
162.632253,60.22742845
153.995847,61.98308653
158.3917941,77.38370239
163.9186916,59.5077231
152.4420376,45.07093529
164.6428484,49.7688616
161.8821732,68.497176
165.3149397,50.15027015
163.3434848,61.05446177
170.1848426,73.31066844
162.751347,65.04268123
159.4235668,64.2420126
162.733785,65.32350647
165.2597882,76.02396782
162.2931604,55.68882949
162.2435501,57.82897023
157.7880499,53.98187826
158.0225945,66.14998777
153.5843684,62.983203
172.4974605,75.4408107
154.5368206,65.79503638
157.8425688,50.98925289
157.6895564,72.11554741
167.3695463,80.03110232
160.2303019,67.28285168
169.4864524,84.29658173
157.9590563,47.48219906
163.673965,60.07914176
156.9879177,53.71198347
174.8708948,80.01040609
154.8744095,50.00996972
163.8589243,70.54095889
165.8026613,77.28028038
164.4827946,70.57354408
160.888274,64.32755984
161.2210758,54.67825379
162.2628688,56.5010903
161.117988,72.03327395
167.7832747,74.14483473
175.263138,73.36163137
158.6550493,57.2556056
153.7811821,42.38447713
161.4703077,54.19839326
177.478256,93.65854349
157.1779526,49.80171965
171.8347008,72.54363513
172.0662049,80.00442055
158.6784705,50.95000131
165.4138985,67.18441972
171.7703797,79.11412926
159.7252336,61.32482593
160.7785178,84.28359122
158.5099145,47.72367956
155.9114596,66.06091343
158.1043347,58.69689708
154.6563584,62.94358639
162.2045008,66.62799728
157.3801606,53.99667882
163.4027155,65.91536566
152.6646261,42.94522396
163.9852814,69.40542381
167.0011738,69.4291784
150.0375861,58.34018225
164.2443394,73.30609171
169.366014,72.00716767
154.7421539,58.53212836
172.0354343,63.20797765
164.5141141,59.17289115
157.7699289,68.60106929
161.6653855,73.98756055
165.3499615,63.66443807
162.4560323,63.7049407
165.232536,58.11502049
156.4759584,67.37773022
163.0161649,69.08313799
153.517713,70.28745389
161.3326436,55.60937618
156.5765542,56.0587244
157.5868203,61.32494532
169.4165591,74.45138624
168.5478607,66.3420847
165.6548287,58.67303911
155.4461234,64.38176001
160.1015493,67.06336658
169.2785862,60.89575918
162.8503015,74.43252233
175.9159772,85.13547662
164.359907,65.92240258
163.1522947,64.52044784
160.1453012,65.8145377
162.8012454,56.75855231
161.085181,62.51002625
166.2486521,48.48600476
167.7402139,74.9264622
157.2840632,47.78326837
154.0126023,67.62599811
150.9827678,52.45230567
165.047948,63.64818533
155.3798004,53.39632591
149.0826564,51.42097792
164.3314716,76.3037586
176.9579971,51.78284742
161.9635745,73.00656196
167.0309446,69.78759678
162.4909762,53.80714892
161.4066621,54.12081815
167.5144589,81.45905212
160.2583527,54.35361299
163.6043539,54.97801606
163.9301868,73.6644071
157.9914573,62.44233741
167.9522541,59.76201313
160.9502415,63.85545225
157.465529,51.87876059
165.2190591,74.52845791
156.6091921,66.67294881
162.1690869,67.31449005
161.945286,65.7885684
168.5153734,83.15780008
164.8481894,65.21726411
161.8498382,53.58099929
166.9065978,70.61515771
170.3412453,87.79744551
165.3468618,57.29207239
162.0621157,60.18585899
154.1289826,59.98167942
155.609318,57.72264385
160.1686518,54.00958889
158.3429268,68.61228634
160.8781722,80.13032652
162.3398995,64.800852
165.1781565,58.08124428
161.5770073,50.5254365
164.9190099,67.38082243
162.3868465,72.01937507
150.1472006,57.31971686
156.3639876,58.66163996
161.1354747,57.72507077
154.7418315,49.62251389
165.5995724,72.68319447
171.184505,78.36310942
169.3125711,55.50687887
160.7193428,74.31369665
170.9443568,75.16538365
162.8920047,74.82210401
159.9774842,51.11806878
158.319584,49.88586575
160.1851819,60.43556786
159.6709391,65.03305894
163.0224973,78.10540904
162.9634439,69.36242082
162.0182761,61.08870295
164.621629,56.69620568
169.1438776,79.22012949
167.6973248,59.35479514
153.0906122,67.69796135
146.6764732,49.79809633
167.6059195,80.82485361
153.7987278,61.58755896
160.6514076,60.8805896
154.9793218,53.9020659
151.1881174,52.52110639
165.2487764,69.04601291
166.554931,67.21941704
158.5409376,55.84687365
146.4537462,50.41110598
158.7225333,61.05669582
164.350824,47.57696959
153.1265306,59.49746376
163.1001595,56.02532501
161.9081409,53.84406879
165.475749,51.8563644
162.7174822,49.29569343
156.1615864,48.61109634
169.179429,62.60401896
161.0488226,77.4464783
161.8361728,58.72628637
156.4003922,60.01098648
159.3403065,63.98478647
156.6911837,59.89048366
160.9623236,61.57934536
172.2702509,60.5830604
153.7685931,67.03953147
152.3186316,68.2609294
170.827022,55.30555254
160.7440579,54.07490962
157.9855636,57.80747922
168.2394281,59.74058292
158.3663068,63.99859677
172.9560583,65.25749914
166.0675552,84.10089501
159.0725316,69.7674863
174.9438493,75.40461177
158.3657105,67.91822748
166.4525722,75.68767649
163.7957555,59.85066631
169.8104477,62.14458029
171.3690672,71.17011382
162.1920249,69.9349324
157.4794928,60.55409818
164.7598329,52.30727553
157.9337078,53.855866
174.0803235,72.05700047
162.819212,63.02245917
159.8080707,76.40548791
163.1080818,52.78824186
153.9172423,60.45054315
156.1703158,69.42947079
169.2024834,88.21988076
158.0586343,56.92721507
155.7185341,61.77072149
165.2199165,70.18022061
169.1142249,70.31630161
166.3137199,65.5643832
167.9762861,71.40892723
157.4592295,40.66927765
153.469136,61.3460506
171.0080019,71.29194214
160.063921,59.77912843
160.4950019,77.63806891
169.9691649,63.48528546
165.3373801,62.30187829
164.7353266,81.34441627
174.9900141,65.84792123
158.1388906,55.89181111
167.5670408,66.15042616
162.3420787,69.89913598
163.6115537,65.91376061
171.1708106,58.95670921
165.0470145,61.02827678
165.2297765,60.54771671
168.435044,67.43163698
159.8102836,64.55711231
156.964742,62.22214982
155.7311448,45.28360266
150.2018605,61.34638109
174.3372428,75.24727154
155.3807498,67.97172664
160.6724783,65.39772858
160.3391202,70.19477279
163.8444402,68.18532414
166.8944233,78.09822655
167.1628409,71.44223687
158.5015354,59.55659843
160.9972697,79.87882483
163.6954797,71.45775183
160.5078532,66.26502412
171.6440735,59.42742635
164.9458497,54.78177287
166.4092667,68.89267273
165.9772876,67.31896948
169.0408431,63.3150059
163.0861294,64.95792409
154.2190083,68.41533983
164.3981277,70.50252603
158.0918586,51.42810589
158.8282999,59.6995384
165.5181841,59.13512271
169.4296984,65.5565712
162.1276295,59.82327174
163.8529981,60.58761131
172.2132897,60.01057914
163.4445191,63.09081157
177.6100987,70.40346442
165.3930579,41.61127183
151.4354234,69.16249969
166.5200497,75.60654897
164.2869503,61.72955512
169.7385165,69.3094532
166.0390881,56.47515492
161.1692641,75.55546706
154.6542106,71.01678217
160.7458605,63.22880963
156.8968773,66.63867482
158.5168593,61.62758778
165.5314704,54.77345162
172.019427,67.3617994
164.3680292,65.90972103
154.8247016,54.26090527
164.667616,63.29835415
169.1797889,67.90751637
158.3413026,59.56438851
161.195897,62.76924853
162.0881292,54.69470429
157.2906101,54.05504034
165.8896826,55.44123692
161.2743111,70.05228795
164.5171947,47.86080411
156.6750469,67.40814778
159.3752502,71.52530694
166.3342881,63.89289125
159.7630011,41.32520924
172.3617831,68.08039468
159.6021829,60.64437009
163.3481084,55.94863302
167.595545,63.07036259
153.4898056,67.35690491
151.4351471,59.61280243
152.8460621,49.58872739
169.5755046,55.23194677
158.6888511,57.96666364
177.3491957,73.47242933
158.6145144,64.12565176
163.1073078,59.57711651
171.2526597,74.88623337
174.0365573,90.27693946
174.3690215,80.40941741
169.2501974,68.33625269
168.1443752,66.30063595
165.5551617,62.84766384
166.6701665,76.508554
158.6928857,55.70086509
157.0908067,59.56084703
161.9797533,63.37284769
160.9788923,58.29308767
159.2806317,50.44280023
166.1783247,68.95227053
167.7318313,67.00663619
162.5304413,67.36307379
170.8651805,65.39425991
155.1498653,66.5876466
160.8380432,55.28095706
157.6990661,72.45860566
150.8007803,42.65526561
161.5039159,66.00253506
161.2695149,66.12833537
171.0806985,63.25919916
165.7848701,69.46238781
155.8548791,67.62192186
173.1245554,52.00024549
169.3262022,73.1355842
165.4925862,45.24515278
160.6410954,54.45749093
156.2433646,70.52013094
159.7667593,56.80593297
168.5324917,58.16509734
173.3075178,70.30164243
171.2594612,88.58691298
159.0669035,46.82175046
155.2822954,50.26527718
162.8453175,75.55757022
151.3893638,67.77783355
163.9390063,63.66844947
161.1143845,52.64988637
159.203781,76.76630197
152.4317816,66.8793503
165.0816006,70.95542941
158.803795,54.3784427
154.980499,57.2922021
144.7664267,49.28934875
161.8349106,65.456844
172.6335096,84.49855522
171.9675553,78.77687403
159.2574225,52.67340075
158.3867276,70.56663696
164.8126455,67.74340156
156.0096874,63.43040709
163.8107514,76.20744008
166.5964817,57.35516173
169.3615993,68.5317639
161.3990755,58.36592444
160.7779575,49.88038494
156.7321045,61.51096043
157.0387179,77.76814996
160.6411266,47.68809439
164.204193,64.45012603
167.4815078,72.71031251
157.1809263,60.20624986
170.9561314,69.15051318
160.3732584,51.70240628
161.8717962,64.71582508
157.5167299,53.91470908
147.4545584,40
167.3042724,77.20897568
166.4210634,74.43335638
160.3120347,62.07818163
162.4019443,65.11105129
165.0956353,74.20043196
152.6247249,57.47408696
158.8256839,67.3827499
166.7655881,64.26386533
154.4742635,66.66159948
163.7613476,66.94349773
153.8605092,58.19347585
164.7985799,54.83265901
161.7861511,65.07272093
152.3092091,49.88549762
168.9884361,63.06877023
157.5924505,53.52986393
157.1384854,51.36360564
163.2034152,80.90306336
168.8918241,79.85138944
155.9050691,72.33849812
162.3700791,53.6015653
164.572899,65.58112989
166.1586336,55.54724378
163.0586493,58.26232918
159.797833,54.25142636
157.0344587,68.3539469
162.5168633,60.24862057
155.5671659,65.83954382
144.4718971,53.87589647
164.6193588,83.76714044
167.423609,54.83265412
147.8224054,60.69833925
155.9416158,66.72636172
165.7149256,57.88833337
174.3449728,82.13470561
162.1247622,65.73326697
157.6319824,57.93913222
160.9026214,55.73574725
170.2492585,63.31056881
158.1242149,75.38344158
157.204848,59.31713656
159.1035389,66.69308325
156.2800284,52.82132663
162.7360219,57.3633741
171.7480708,80.36848109
163.9384756,53.62068537
160.485879,58.60548312
160.2491324,61.89362761
152.6208551,56.68176582
167.2986587,65.6694348
161.5329768,65.72139234
160.9171205,67.52867575
181.1586454,85.99719226
163.7925175,56.453033
157.4892537,57.41251791
159.4418544,70.12396455
168.8906743,76.11343462
162.6796225,52.61550555
153.3703321,58.93420251
167.5153736,50.69382971
157.9911355,60.25834277
173.2397867,89.11560543
168.4802884,60.05350498
159.3160686,54.56292476
169.6860982,75.70379069
162.4071331,51.09466908
167.1166421,61.72566348
164.9083969,70.13349603
156.9218601,54.41304252
158.138701,58.24850649
168.1797649,74.19730131
159.991348,64.67047925
159.5781092,63.15478804
156.2692645,56.12378102
164.5415944,67.9831504
174.3751495,71.84737217
155.5948025,61.42838896
162.1453167,59.17918155
170.4733233,68.15507
161.5221517,54.86635006
164.7142308,64.82893166
155.6256388,52.23384314
164.5698426,55.94816551
160.8771344,64.12384356
167.91438,69.46804825
169.1243163,75.36505178
177.5373819,71.57019114
165.477799,69.07106607
163.9547779,68.95663089
163.1663058,67.44818044
159.8810022,55.01705201
164.0309031,65.78036748
160.2275915,64.41947377
163.0107659,63.83124845
169.9055852,51.21330547
155.9607446,59.54812229
168.8392714,87.33766621
169.9026904,66.16265021
161.2915888,56.75367131
149.2688706,55.97046546
158.3530681,62.53159615
169.7819673,79.49670465
161.8627916,52.99227303
156.0041866,63.74948253
158.9713505,65.12886111
167.0437202,65.77873044
165.2804014,68.33790515
160.5664074,69.83808025
159.7990535,67.96833499
159.6494511,52.4311086
156.4655389,64.77911782
171.6922541,70.17568064
160.0660772,62.0508932
169.3029511,69.42179857
171.1278963,68.96346773
167.9898654,77.81863604
159.4102781,60.34970514
164.4223805,55.80334156
161.8548264,59.77997486
156.5777888,60.15414578
163.9461557,74.41979731
154.9257613,61.94742165
169.1260763,61.35019242
159.2122962,79.73532482
163.2069579,66.04343384
163.6997272,74.56746519
160.4465702,60.61176447
165.5201628,70.13633917
159.1505781,67.16822137
167.2277838,77.33640866
153.9241219,64.37787723
162.7582775,70.50803331
173.633574,69.50685439
155.9980121,54.23081432
157.9335302,62.35206862
165.0834471,73.03514111
163.0774907,62.04931493
164.1037806,73.23766248
164.9351228,77.14354652
165.8083288,58.42420567
168.6581991,61.12740097
164.4589119,63.77315487
160.5524541,64.2438251
166.0354422,61.82430083
173.3992916,84.35868529
161.2041975,65.67434528
156.1528242,58.80945034
168.642484,56.00538593
161.277713,52.15769325
148.9639827,55.12734474
167.0845301,49.14052115
158.7880309,68.17241516
161.4568003,61.3270756
163.991882,90.70928765
163.1429981,82.30552969
166.2567109,64.83445929
159.3870818,60.15975713
165.0786348,73.5414579
160.4427199,74.93333184
166.4328629,52.86778357
165.6922049,51.1764806
156.3873678,54.13288791
168.5158927,73.11876032
158.7842193,64.26804487
166.8483468,75.74629832
164.2037239,55.00668704
173.0291021,51.0508103
160.6592041,68.59127077
159.9040992,55.01344538
161.8834824,47.02592201
160.1809213,62.69563664
166.7996514,73.39344654
152.3021363,54.82088877
155.6779055,54.8365941
155.5931825,56.94476075
167.7018456,64.37071084
172.2636802,59.21856263
161.3733047,56.91585083
160.9870697,66.25338567
162.420313,65.85865789
168.9712698,69.96259333
156.4358812,51.42720652
163.4302139,62.64828949
167.8511858,49.21664674
165.006565,66.80302375
163.1374897,75.28143467
168.0062766,55.25995725
145.7806062,47.26912651
166.0672519,68.910862
158.0755459,69.36267146
151.0162026,51.66749544
165.0672156,59.73468362
170.2419513,52.4383834
161.1753089,63.15207107
167.7172473,84.74229314
171.6736695,73.18471716
169.8894867,69.07694278
171.8397872,73.722612
166.4527649,66.40345884
162.4526018,56.90119324
152.3882051,61.46869878
160.5236251,63.58801774
156.9405204,59.24293073
175.0256563,64.55774976
160.9446851,72.29716475
162.7392288,68.84294339
165.3089123,61.05198116
162.2616147,71.10225919
172.1703062,66.7174843
158.2641038,54.23788777
163.1676447,57.82900482
157.5451765,46.38152544
154.0798649,60.33586185
158.3293855,46.39261764
161.7777792,53.16765168
159.4241867,45.17258325
157.8454741,59.15313196
153.5620952,55.53173468
161.5013666,60.04212441
152.9716778,48.84180213
166.5603358,56.82547497
162.4946385,67.04925538
153.254691,52.48955674
160.1447455,63.98524473
157.4870616,52.93839121
163.9150471,65.94298825
170.0427027,80.69994771
150.7489652,58.5368306
162.6901565,60.24866739
161.0392032,64.24173043
166.0280405,64.16654147
163.2791798,64.04724324
157.488184,57.10327426
160.0856764,60.24237069
157.2238449,60.89925189
168.4560428,59.6491595
162.1278699,55.0742224
173.4071441,59.64203226
161.6360351,50.16019419
157.7495594,50.63622038
152.9177136,57.23983826
151.1811619,48.73218815
152.4951843,59.3946726
163.6027599,64.51681435
165.0523501,49.29350601
152.5128558,60.3948641
167.3702299,74.04452584
159.1016337,53.20459951
162.8807581,67.01666155
171.6733238,63.15940676
167.3810359,68.06029886
160.3888161,51.98036938
156.6528466,45.69536325
149.0891076,50.79342096
157.6850801,58.7520621
160.7332186,58.92216567
156.0769228,49.81111663
161.2124582,59.25674822
162.4611113,65.47696886
160.6508641,61.59329111
158.0999845,61.35796936
163.011928,58.43286385
164.6516439,74.5940326
155.4576055,49.47356309
170.4655943,73.99077922
161.4084712,71.76390129
162.1130977,66.86514961
166.2492865,64.65392114
163.3992968,59.84683927
167.7188198,76.25446618
163.722745,52.8894179
158.3253758,52.86520955
164.1690212,61.46909245
155.1376428,66.6986911
162.6513582,66.50719315
161.8006201,55.22778862
160.7512989,59.61275563
161.2287749,57.59657584
150.7089057,49.67514992
158.7076506,67.84839984
162.5570694,52.54511027
162.9591384,76.55031511
155.8339492,64.31600083
169.594247,78.441978
156.8029509,55.59448589
167.8167432,66.3230925
164.5631662,53.35111497
158.1226361,56.0712396
172.6518654,75.9553577
154.838179,66.86154782
167.514925,58.02653896
168.0034939,64.64547692
157.9762787,58.76284124
170.3547918,57.49775524
160.4997209,66.39436039
163.7321618,58.51706212
163.561931,62.63785826
161.1941476,58.83755253
166.8648496,60.23183378
166.7609323,66.68332588
151.5088082,53.60701536
169.8260415,66.0007094
152.0250481,50.41709916
168.1952772,70.60693553
168.7602308,82.48055085
155.4542014,59.0125758
159.5351143,68.68928313
155.365772,47.86508424
160.7104738,63.20924729
160.1517943,53.11284591
166.6779632,54.366328
169.8618525,62.84738161
170.3741029,80.04490218
158.6269918,67.56149251
160.7446688,63.89692514
151.8993708,44.76681267
157.1647796,57.82735823
167.7891098,70.11578976
171.6934969,72.30114823
154.5939068,44.1386629
158.4452144,53.54632794
161.8415655,62.3589508
163.680967,68.60990623
157.1423789,42.99577096
164.5443663,63.66279171
159.1569639,61.8813219
161.9132864,69.60019555
165.2777055,71.23810681
162.0385336,67.60445007
159.3816847,54.86989962
161.3423412,47.5748805
161.4698222,59.49964758
159.7799338,68.94249155
160.4472236,72.54558798
171.591883,76.94143259
165.3655167,69.15200443
160.2271181,64.53846628
166.1817264,61.67188519
159.9970831,60.43893318
169.0387478,82.88548283
164.2178532,57.09647707
161.3561871,75.09859246
164.6863016,62.4716135
152.5747431,65.12616634
155.2393952,47.66728321
154.83645,61.75238051
162.8576586,57.79195906
172.39509,58.70961018
175.3878009,75.84280355
165.8283066,74.32551313
165.0050668,58.44252996
151.1936536,44.58281413
158.7439572,59.78480887
157.2732975,58.71492527
158.2749144,64.24305451
160.9911371,69.58707022
159.1674565,60.35069789
150.1242011,66.63485881
166.4874615,68.38798627
155.5635418,55.56497927
163.4354812,51.19272724
174.444496,70.63622898
156.4836925,56.29800353
146.8182749,57.9434395
160.2839747,65.22277954
168.6057578,58.16886697
173.7500847,74.01388171
154.6227024,62.19615872
164.9801953,77.80151601
159.2081373,67.58208474
161.3643099,68.4356353
177.8660601,76.49747499
152.982178,58.89487576
163.522438,74.1983843
164.806159,54.32667005
168.5147179,65.17637379
162.5878989,57.31676383
163.8483032,67.48469323
159.6501086,70.57840607
163.6147616,59.45323362
159.9408463,43.05061228
165.7294313,62.52233987
159.782338,68.26935298
164.2626024,69.10921776
161.8244231,66.21303787
168.7563015,65.95670164
161.6916377,52.71428053
151.3618052,58.52662967
169.571529,61.81400052
156.5656062,74.89218445
158.077402,64.24914586
158.4260322,55.86506443
170.2466286,64.24529356
149.1859547,52.7948954
180.8264912,76.12634185
168.3363409,77.5034538
163.3394335,65.52351146
161.670636,56.99286268
163.7133244,79.52523345
165.1267346,65.84375702
165.8712935,72.3778782
165.3336268,60.6167001
162.5374841,66.28212481
160.8159695,64.48201957
161.0923603,47.57045243
160.8305503,77.71793168
168.8026206,79.41919202
165.5613403,62.51913429
144.3576682,43.12282245
165.9354047,68.95392712
163.1684172,64.58990777
161.8877475,65.69471609
159.6688893,62.65120119
168.7446763,72.66396597
167.6851588,79.6926881
157.362734,63.65165914
164.4423137,56.38385215
156.1700596,68.50330943
153.722291,68.34388638
158.2396967,83.77358641
167.1743608,57.65386432
167.7187503,69.56064071
165.0785125,48.38046809
166.3505747,71.00614119
165.0970697,60.9342062
158.1511104,74.46089425
164.5915353,58.7215137
166.8024572,52.67587115
166.525748,62.63341972
169.1334802,51.70140147
166.2498231,72.561501
164.1086892,47.95115302
168.4209014,68.319605
161.8408724,46.53501731
156.7087521,56.57859238
161.0215982,75.00992273
157.5305841,62.24306282